-- MySQL Script generated by MySQL Workbench
-- Sat Jun 22 20:07:15 2019
-- Model: New Model    Version: 1.0
-- MySQL Workbench Forward Engineering

SET @OLD_UNIQUE_CHECKS=@@UNIQUE_CHECKS, UNIQUE_CHECKS=0;
SET @OLD_FOREIGN_KEY_CHECKS=@@FOREIGN_KEY_CHECKS, FOREIGN_KEY_CHECKS=0;
SET @OLD_SQL_MODE=@@SQL_MODE, SQL_MODE='ONLY_FULL_GROUP_BY,STRICT_TRANS_TABLES,NO_ZERO_IN_DATE,NO_ZERO_DATE,ERROR_FOR_DIVISION_BY_ZERO,NO_ENGINE_SUBSTITUTION';

-- -----------------------------------------------------
-- Schema mydb
-- -----------------------------------------------------

-- -----------------------------------------------------
-- Schema mydb
-- -----------------------------------------------------
CREATE SCHEMA IF NOT EXISTS `mydb` DEFAULT CHARACTER SET utf8 ;
USE `mydb` ;

-- -----------------------------------------------------
-- Table `mydb`.`Groeße`
-- -----------------------------------------------------
CREATE TABLE IF NOT EXISTS `mydb`.`Groeße` (
  `idGroeße` VARCHAR(20) NOT NULL DEFAULT 'Mittelgroß',
  `RK` INT NULL,
  `Angriffswürfe` INT NULL,
  `Fertigkeitswurf Heimlichkeit` INT NULL,
  `KMB` INT NULL,
  `KMV` INT NULL,
  PRIMARY KEY (`idGroeße`))
ENGINE = InnoDB;


-- -----------------------------------------------------
-- Table `mydb`.`Rassen`
-- -----------------------------------------------------
CREATE TABLE IF NOT EXISTS `mydb`.`Rassen` (
  `idRasse` VARCHAR(20) NOT NULL DEFAULT 'Mensch',
  `Groeße_idGroeße1` VARCHAR(20) NOT NULL,
  PRIMARY KEY (`idRasse`),
  INDEX `fk_Rassen_Groeße1_idx` (`Groeße_idGroeße1` ASC) VISIBLE,
  CONSTRAINT `fk_Rassen_Groeße1`
    FOREIGN KEY (`Groeße_idGroeße1`)
    REFERENCES `mydb`.`Groeße` (`idGroeße`)
    ON DELETE NO ACTION
    ON UPDATE NO ACTION)
ENGINE = InnoDB;


-- -----------------------------------------------------
-- Table `mydb`.`Sprachen`
-- -----------------------------------------------------
CREATE TABLE IF NOT EXISTS `mydb`.`Sprachen` (
  `idSprachen` VARCHAR(30) NOT NULL DEFAULT 'Gemeinsprache',
  PRIMARY KEY (`idSprachen`))
ENGINE = InnoDB;


-- -----------------------------------------------------
-- Table `mydb`.`Rassen_Sprachen`
-- -----------------------------------------------------
CREATE TABLE IF NOT EXISTS `mydb`.`Rassen_Sprachen` (
  `Sprachen_idSprachen` VARCHAR(45) NOT NULL,
  `Rassen_idRasse` VARCHAR(45) NOT NULL,
  `Spielbeginn` VARCHAR(5) NULL,
  PRIMARY KEY (`Sprachen_idSprachen`, `Rassen_idRasse`),
  INDEX `fk_SprachenTabelle_idx` (`Rassen_idRasse` ASC) INVISIBLE,
  INDEX `fk_RassenTabelle_idx` (`Sprachen_idSprachen` ASC) VISIBLE,
  CONSTRAINT `fk_SprachenTabelle`
    FOREIGN KEY (`Sprachen_idSprachen`)
    REFERENCES `mydb`.`Sprachen` (`idSprachen`)
    ON DELETE NO ACTION
    ON UPDATE NO ACTION,
  CONSTRAINT `fk_RassenTabelle`
    FOREIGN KEY (`Rassen_idRasse`)
    REFERENCES `mydb`.`Rassen` (`idRasse`)
    ON DELETE NO ACTION
    ON UPDATE NO ACTION)
ENGINE = InnoDB;


-- -----------------------------------------------------
-- Table `mydb`.`Klassen`
-- -----------------------------------------------------
CREATE TABLE IF NOT EXISTS `mydb`.`Klassen` (
  `idKlassen` VARCHAR(30) NOT NULL DEFAULT 'Krieger',
  `Trefferwürfel` VARCHAR(10) NULL,
  `Fertigkeitspunkte` VARCHAR(15) NULL,
  PRIMARY KEY (`idKlassen`))
ENGINE = InnoDB;


-- -----------------------------------------------------
-- Table `mydb`.`Klassen_has_Rassen`
-- -----------------------------------------------------
CREATE TABLE IF NOT EXISTS `mydb`.`Klassen_has_Rassen` (
  `Klassen_idKlassen` VARCHAR(45) NOT NULL,
  `Rassen_idRasse` VARCHAR(45) NOT NULL,
  PRIMARY KEY (`Klassen_idKlassen`, `Rassen_idRasse`),
  INDEX `fk_Klassen_has_Rassen_Rassen1_idx` (`Rassen_idRasse` ASC) VISIBLE,
  INDEX `fk_Klassen_has_Rassen_Klassen1_idx` (`Klassen_idKlassen` ASC) VISIBLE,
  CONSTRAINT `fk_Klassen_has_Rassen_Klassen1`
    FOREIGN KEY (`Klassen_idKlassen`)
    REFERENCES `mydb`.`Klassen` (`idKlassen`)
    ON DELETE NO ACTION
    ON UPDATE NO ACTION,
  CONSTRAINT `fk_Klassen_has_Rassen_Rassen1`
    FOREIGN KEY (`Rassen_idRasse`)
    REFERENCES `mydb`.`Rassen` (`idRasse`)
    ON DELETE NO ACTION
    ON UPDATE NO ACTION)
ENGINE = InnoDB;


-- -----------------------------------------------------
-- Table `mydb`.`Gesinnung`
-- -----------------------------------------------------
CREATE TABLE IF NOT EXISTS `mydb`.`Gesinnung` (
  `Gesinnung` VARCHAR(30) NOT NULL,
  PRIMARY KEY (`Gesinnung`))
ENGINE = InnoDB;


-- -----------------------------------------------------
-- Table `mydb`.`Klassen_Gesinnung`
-- -----------------------------------------------------
CREATE TABLE IF NOT EXISTS `mydb`.`Klassen_Gesinnung` (
  `Gesinnung_idGesinnung` VARCHAR(30) NOT NULL,
  `Klassen_idKlassen` VARCHAR(30) NOT NULL,
  PRIMARY KEY (`Gesinnung_idGesinnung`, `Klassen_idKlassen`),
  INDEX `fk_Gesinnung_has_Klassen_Klassen1_idx` (`Klassen_idKlassen` ASC) VISIBLE,
  INDEX `fk_Gesinnung_has_Klassen_Gesinnung1_idx` (`Gesinnung_idGesinnung` ASC) VISIBLE,
  CONSTRAINT `fk_Gesinnung_has_Klassen_Gesinnung1`
    FOREIGN KEY (`Gesinnung_idGesinnung`)
    REFERENCES `mydb`.`Gesinnung` (`Gesinnung`)
    ON DELETE NO ACTION
    ON UPDATE NO ACTION,
  CONSTRAINT `fk_Gesinnung_has_Klassen_Klassen1`
    FOREIGN KEY (`Klassen_idKlassen`)
    REFERENCES `mydb`.`Klassen` (`idKlassen`)
    ON DELETE NO ACTION
    ON UPDATE NO ACTION)
ENGINE = InnoDB;


-- -----------------------------------------------------
-- Table `mydb`.`Rassenboni`
-- -----------------------------------------------------
CREATE TABLE IF NOT EXISTS `mydb`.`Rassenboni` (
  `idRassenboni` INT NOT NULL AUTO_INCREMENT,
  `Rassen_idRasse` VARCHAR(20) NOT NULL,
  `Boni` VARCHAR(45) NULL,
  `Bezeichnung` VARCHAR(700) NULL,
  PRIMARY KEY (`idRassenboni`),
  INDEX `fk_Rassenboni_Rassen1_idx` (`Rassen_idRasse` ASC) VISIBLE,
  CONSTRAINT `fk_Rassenboni_Rassen1`
    FOREIGN KEY (`Rassen_idRasse`)
    REFERENCES `mydb`.`Rassen` (`idRasse`)
    ON DELETE NO ACTION
    ON UPDATE NO ACTION)
ENGINE = InnoDB;


-- -----------------------------------------------------
-- Table `mydb`.`AlterBoni`
-- -----------------------------------------------------
CREATE TABLE IF NOT EXISTS `mydb`.`AlterBoni` (
  `idAlter` INT NOT NULL,
  `Alter` VARCHAR(20) NULL,
  `STR` INT NULL,
  `GE` INT NULL,
  `KON` INT NULL,
  `IN` INT NULL,
  `WE` INT NULL,
  `CH` INT NULL,
  PRIMARY KEY (`idAlter`))
ENGINE = InnoDB;


-- -----------------------------------------------------
-- Table `mydb`.`Fertigkeiten`
-- -----------------------------------------------------
CREATE TABLE IF NOT EXISTS `mydb`.`Fertigkeiten` (
  `Fertigkeiten` VARCHAR(45) NOT NULL DEFAULT 'Akrobatik',
  PRIMARY KEY (`Fertigkeiten`))
ENGINE = InnoDB;


-- -----------------------------------------------------
-- Table `mydb`.`Klassen_Fertigkeiten`
-- -----------------------------------------------------
CREATE TABLE IF NOT EXISTS `mydb`.`Klassen_Fertigkeiten` (
  `Klassen_idKlassen` VARCHAR(45) NOT NULL,
  `Fertigkeiten_idFertigkeiten` VARCHAR(45) NOT NULL,
  PRIMARY KEY (`Klassen_idKlassen`, `Fertigkeiten_idFertigkeiten`),
  INDEX `fk_Klassen_has_Fertigkeiten_Fertigkeiten1_idx` (`Fertigkeiten_idFertigkeiten` ASC) VISIBLE,
  INDEX `fk_Klassen_has_Fertigkeiten_Klassen1_idx` (`Klassen_idKlassen` ASC) VISIBLE,
  CONSTRAINT `fk_Klassen_has_Fertigkeiten_Klassen1`
    FOREIGN KEY (`Klassen_idKlassen`)
    REFERENCES `mydb`.`Klassen` (`idKlassen`)
    ON DELETE NO ACTION
    ON UPDATE NO ACTION,
  CONSTRAINT `fk_Klassen_has_Fertigkeiten_Fertigkeiten1`
    FOREIGN KEY (`Fertigkeiten_idFertigkeiten`)
    REFERENCES `mydb`.`Fertigkeiten` (`Fertigkeiten`)
    ON DELETE NO ACTION
    ON UPDATE NO ACTION)
ENGINE = InnoDB;


-- -----------------------------------------------------
-- Table `mydb`.`Größe und Gewicht`
-- -----------------------------------------------------
CREATE TABLE IF NOT EXISTS `mydb`.`Größe und Gewicht` (
  `idGröße und Gewicht` INT NOT NULL,
  `Geschlecht` VARCHAR(45) NULL,
  `Grundgröße` INT NULL,
  `Grundgewicht` INT NULL,
  `Modifikator` VARCHAR(45) NULL,
  `Gewichtsmultiplikator` VARCHAR(45) NULL,
  `Rassen_idRasse` VARCHAR(45) NOT NULL,
  PRIMARY KEY (`idGröße und Gewicht`),
  INDEX `fk_Größe und Gewicht_Rassen1_idx` (`Rassen_idRasse` ASC) VISIBLE,
  CONSTRAINT `fk_Größe und Gewicht_Rassen1`
    FOREIGN KEY (`Rassen_idRasse`)
    REFERENCES `mydb`.`Rassen` (`idRasse`)
    ON DELETE NO ACTION
    ON UPDATE NO ACTION)
ENGINE = InnoDB;


-- -----------------------------------------------------
-- Table `mydb`.`Levelabhängige Klasse`
-- -----------------------------------------------------
CREATE TABLE IF NOT EXISTS `mydb`.`Levelabhängige Klasse` (
  `idLevelabhängige Klasse` INT NOT NULL AUTO_INCREMENT,
  `Stufe` INT NULL,
  `GAB` VARCHAR(20) NULL,
  `REF` INT NULL,
  `WIL` INT NULL,
  `ZÄH` INT NULL,
  `Speziell` VARCHAR(100) NULL,
  `Klassen_idKlassen` VARCHAR(45) NOT NULL,
  `Zauber pro Tag 0.` VARCHAR(5) NULL,
  `Zauber pro Tag 1.` VARCHAR(5) NULL,
  `Zauber pro Tag 2.` VARCHAR(5) NULL,
  `Zauber pro Tag 3.` VARCHAR(5) NULL,
  `Zauber pro Tag 4.` VARCHAR(5) NULL,
  `Zauber pro Tag 5.` VARCHAR(5) NULL,
  `Zauber pro Tag 6.` VARCHAR(5) NULL,
  `Zauber pro Tag 7.` VARCHAR(5) NULL,
  `Zauber pro Tag 8.` VARCHAR(5) NULL,
  `Zauber pro Tag 9.` VARCHAR(5) NULL,
  `Schlaghagel Angriffbonus` VARCHAR(30) NULL,
  `Waffenloser Schaden` VARCHAR(5) NULL,
  `RK-Bonus` INT NULL,
  `Bewegungsbonus` INT NULL,
  PRIMARY KEY (`idLevelabhängige Klasse`),
  INDEX `fk_Levelabhängige Klasse_Klassen1_idx` (`Klassen_idKlassen` ASC) VISIBLE,
  CONSTRAINT `fk_Levelabhängige Klasse_Klassen1`
    FOREIGN KEY (`Klassen_idKlassen`)
    REFERENCES `mydb`.`Klassen` (`idKlassen`)
    ON DELETE NO ACTION
    ON UPDATE NO ACTION)
ENGINE = InnoDB;


-- -----------------------------------------------------
-- Table `mydb`.`Waffengruppe`
-- -----------------------------------------------------
CREATE TABLE IF NOT EXISTS `mydb`.`Waffengruppe` (
  `idWaffengruppe` INT NOT NULL,
  `Waffengruppe` VARCHAR(45) NULL,
  PRIMARY KEY (`idWaffengruppe`))
ENGINE = InnoDB;


-- -----------------------------------------------------
-- Table `mydb`.`Waffenart`
-- -----------------------------------------------------
CREATE TABLE IF NOT EXISTS `mydb`.`Waffenart` (
  `idWaffenart` INT NOT NULL,
  `Waffenart` VARCHAR(45) NULL,
  PRIMARY KEY (`idWaffenart`))
ENGINE = InnoDB;


-- -----------------------------------------------------
-- Table `mydb`.`Waffenart_has_Waffengruppe`
-- -----------------------------------------------------
CREATE TABLE IF NOT EXISTS `mydb`.`Waffenart_has_Waffengruppe` (
  `idWaf` INT NOT NULL,
  `Waffenart_idWaffenart` INT NOT NULL,
  `Waffengruppe_idWaffengruppe` INT NOT NULL,
  PRIMARY KEY (`idWaf`),
  INDEX `fk_Waffenart_has_Waffengruppe_Waffengruppe1_idx` (`Waffengruppe_idWaffengruppe` ASC) VISIBLE,
  INDEX `fk_Waffenart_has_Waffengruppe_Waffenart1_idx` (`Waffenart_idWaffenart` ASC) VISIBLE,
  CONSTRAINT `fk_Waffenart_has_Waffengruppe_Waffenart1`
    FOREIGN KEY (`Waffenart_idWaffenart`)
    REFERENCES `mydb`.`Waffenart` (`idWaffenart`)
    ON DELETE NO ACTION
    ON UPDATE NO ACTION,
  CONSTRAINT `fk_Waffenart_has_Waffengruppe_Waffengruppe1`
    FOREIGN KEY (`Waffengruppe_idWaffengruppe`)
    REFERENCES `mydb`.`Waffengruppe` (`idWaffengruppe`)
    ON DELETE NO ACTION
    ON UPDATE NO ACTION)
ENGINE = InnoDB;


-- -----------------------------------------------------
-- Table `mydb`.`Waffen`
-- -----------------------------------------------------
CREATE TABLE IF NOT EXISTS `mydb`.`Waffen` (
  `idWaffen` INT NOT NULL,
  `Waffenart_has_Waffengruppe_idWaf` INT NOT NULL,
  `Waffe` VARCHAR(45) NOT NULL DEFAULT 'Dolch',
  `Preis` INT NULL,
  `Währung` VARCHAR(10) NULL,
  `Schaden (K)` VARCHAR(10) NULL,
  `Schaden (M)` VARCHAR(10) NULL,
  `Kritischer Treffer` VARCHAR(15) NULL,
  `Grundreichweite` INT NULL,
  `Gewicht` VARCHAR(10) NULL,
  `Art` VARCHAR(10) NULL,
  `Speziell` VARCHAR(60) NULL,
  PRIMARY KEY (`idWaffen`),
  INDEX `fk_Waffen_Waffenart_has_Waffengruppe1_idx` (`Waffenart_has_Waffengruppe_idWaf` ASC) VISIBLE,
  CONSTRAINT `fk_Waffen_Waffenart_has_Waffengruppe1`
    FOREIGN KEY (`Waffenart_has_Waffengruppe_idWaf`)
    REFERENCES `mydb`.`Waffenart_has_Waffengruppe` (`idWaf`)
    ON DELETE NO ACTION
    ON UPDATE NO ACTION)
ENGINE = InnoDB;


-- -----------------------------------------------------
-- Table `mydb`.`Umgang_mit_Waffengruppe`
-- -----------------------------------------------------
CREATE TABLE IF NOT EXISTS `mydb`.`Umgang_mit_Waffengruppe` (
  `Klassen_idKlassen` VARCHAR(30) NOT NULL,
  `Waffengruppe_idWaffengruppe` INT NOT NULL,
  PRIMARY KEY (`Klassen_idKlassen`, `Waffengruppe_idWaffengruppe`),
  INDEX `fk_Klassen_has_Waffengruppe_Waffengruppe1_idx` (`Waffengruppe_idWaffengruppe` ASC) VISIBLE,
  INDEX `fk_Klassen_has_Waffengruppe_Klassen1_idx` (`Klassen_idKlassen` ASC) VISIBLE,
  CONSTRAINT `fk_Klassen_has_Waffengruppe_Klassen1`
    FOREIGN KEY (`Klassen_idKlassen`)
    REFERENCES `mydb`.`Klassen` (`idKlassen`)
    ON DELETE NO ACTION
    ON UPDATE NO ACTION,
  CONSTRAINT `fk_Klassen_has_Waffengruppe_Waffengruppe1`
    FOREIGN KEY (`Waffengruppe_idWaffengruppe`)
    REFERENCES `mydb`.`Waffengruppe` (`idWaffengruppe`)
    ON DELETE NO ACTION
    ON UPDATE NO ACTION)
ENGINE = InnoDB;


-- -----------------------------------------------------
-- Table `mydb`.`Umgang_mit_Waffen_Einzel`
-- -----------------------------------------------------
CREATE TABLE IF NOT EXISTS `mydb`.`Umgang_mit_Waffen_Einzel` (
  `Klassen_idKlassen` VARCHAR(30) NOT NULL,
  `Waffen_idWaffen` INT NOT NULL,
  PRIMARY KEY (`Klassen_idKlassen`, `Waffen_idWaffen`),
  INDEX `fk_Klassen_has_Waffen_Waffen1_idx` (`Waffen_idWaffen` ASC) VISIBLE,
  INDEX `fk_Klassen_has_Waffen_Klassen1_idx` (`Klassen_idKlassen` ASC) VISIBLE,
  CONSTRAINT `fk_Klassen_has_Waffen_Klassen1`
    FOREIGN KEY (`Klassen_idKlassen`)
    REFERENCES `mydb`.`Klassen` (`idKlassen`)
    ON DELETE NO ACTION
    ON UPDATE NO ACTION,
  CONSTRAINT `fk_Klassen_has_Waffen_Waffen1`
    FOREIGN KEY (`Waffen_idWaffen`)
    REFERENCES `mydb`.`Waffen` (`idWaffen`)
    ON DELETE NO ACTION
    ON UPDATE NO ACTION)
ENGINE = InnoDB;


-- -----------------------------------------------------
-- Table `mydb`.`Umgang_mit_Waffen_Rasse`
-- -----------------------------------------------------
CREATE TABLE IF NOT EXISTS `mydb`.`Umgang_mit_Waffen_Rasse` (
  `Rassen_idRasse` VARCHAR(20) NOT NULL,
  `Waffen_idWaffen` INT NOT NULL,
  PRIMARY KEY (`Rassen_idRasse`, `Waffen_idWaffen`),
  INDEX `fk_Rassen_has_Waffen_Waffen1_idx` (`Waffen_idWaffen` ASC) VISIBLE,
  INDEX `fk_Rassen_has_Waffen_Rassen1_idx` (`Rassen_idRasse` ASC) VISIBLE,
  CONSTRAINT `fk_Rassen_has_Waffen_Rassen1`
    FOREIGN KEY (`Rassen_idRasse`)
    REFERENCES `mydb`.`Rassen` (`idRasse`)
    ON DELETE NO ACTION
    ON UPDATE NO ACTION,
  CONSTRAINT `fk_Rassen_has_Waffen_Waffen1`
    FOREIGN KEY (`Waffen_idWaffen`)
    REFERENCES `mydb`.`Waffen` (`idWaffen`)
    ON DELETE NO ACTION
    ON UPDATE NO ACTION)
ENGINE = InnoDB;


-- -----------------------------------------------------
-- Table `mydb`.`Rüstungsarten`
-- -----------------------------------------------------
CREATE TABLE IF NOT EXISTS `mydb`.`Rüstungsarten` (
  `idRüstungsarten` INT NOT NULL,
  `Rüstungsart` VARCHAR(25) NULL,
  PRIMARY KEY (`idRüstungsarten`))
ENGINE = InnoDB;


-- -----------------------------------------------------
-- Table `mydb`.`Rüstungen`
-- -----------------------------------------------------
CREATE TABLE IF NOT EXISTS `mydb`.`Rüstungen` (
  `idRüstungen` INT NOT NULL,
  `Rüstungsarten_idRüstungsarten` INT NOT NULL,
  `Rüstung` VARCHAR(45) NULL,
  `Preis` INT NULL,
  `Währung` VARCHAR(10) NULL,
  `Rüstungsbonus` VARCHAR(5) NULL,
  `Max GE-Bonus` VARCHAR(5) NULL,
  `Rüstungsmalus` VARCHAR(10) NULL,
  `Chance für Arkane Zauberpatzer` VARCHAR(5) NULL,
  `Bewegungsrate 9m` DOUBLE NULL,
  `Bewegungsrate 6m` DOUBLE NULL,
  `Gewicht` VARCHAR(5) NULL,
  PRIMARY KEY (`idRüstungen`, `Rüstungsarten_idRüstungsarten`),
  INDEX `fk_Rüstungen_Rüstungsarten1_idx` (`Rüstungsarten_idRüstungsarten` ASC) VISIBLE,
  CONSTRAINT `fk_Rüstungen_Rüstungsarten1`
    FOREIGN KEY (`Rüstungsarten_idRüstungsarten`)
    REFERENCES `mydb`.`Rüstungsarten` (`idRüstungsarten`)
    ON DELETE NO ACTION
    ON UPDATE NO ACTION)
ENGINE = InnoDB;


-- -----------------------------------------------------
-- Table `mydb`.`Umgang_mit_Rüstungen`
-- -----------------------------------------------------
CREATE TABLE IF NOT EXISTS `mydb`.`Umgang_mit_Rüstungen` (
  `Klassen_idKlassen` VARCHAR(30) NOT NULL,
  `Rüstungsarten_idRüstungsarten` INT NOT NULL,
  PRIMARY KEY (`Klassen_idKlassen`, `Rüstungsarten_idRüstungsarten`),
  INDEX `fk_Klassen_has_Rüstungsarten_Rüstungsarten1_idx` (`Rüstungsarten_idRüstungsarten` ASC) VISIBLE,
  INDEX `fk_Klassen_has_Rüstungsarten_Klassen1_idx` (`Klassen_idKlassen` ASC) VISIBLE,
  CONSTRAINT `fk_Klassen_has_Rüstungsarten_Klassen1`
    FOREIGN KEY (`Klassen_idKlassen`)
    REFERENCES `mydb`.`Klassen` (`idKlassen`)
    ON DELETE NO ACTION
    ON UPDATE NO ACTION,
  CONSTRAINT `fk_Klassen_has_Rüstungsarten_Rüstungsarten1`
    FOREIGN KEY (`Rüstungsarten_idRüstungsarten`)
    REFERENCES `mydb`.`Rüstungsarten` (`idRüstungsarten`)
    ON DELETE NO ACTION
    ON UPDATE NO ACTION)
ENGINE = InnoDB;


SET SQL_MODE=@OLD_SQL_MODE;
SET FOREIGN_KEY_CHECKS=@OLD_FOREIGN_KEY_CHECKS;
SET UNIQUE_CHECKS=@OLD_UNIQUE_CHECKS;

-- -----------------------------------------------------
-- Data for table `mydb`.`Groeße`
-- -----------------------------------------------------
START TRANSACTION;
USE `mydb`;
INSERT INTO `mydb`.`Groeße` (`idGroeße`, `RK`, `Angriffswürfe`, `Fertigkeitswurf Heimlichkeit`, `KMB`, `KMV`) VALUES ('Klein', 1, 1, 4, -1, -1);
INSERT INTO `mydb`.`Groeße` (`idGroeße`, `RK`, `Angriffswürfe`, `Fertigkeitswurf Heimlichkeit`, `KMB`, `KMV`) VALUES ('Mittelgroß', 0, 0, 0, 0, 0);

COMMIT;


-- -----------------------------------------------------
-- Data for table `mydb`.`Rassen`
-- -----------------------------------------------------
START TRANSACTION;
USE `mydb`;
INSERT INTO `mydb`.`Rassen` (`idRasse`, `Groeße_idGroeße1`) VALUES ('Elfen', 'Mittelgroß');
INSERT INTO `mydb`.`Rassen` (`idRasse`, `Groeße_idGroeße1`) VALUES ('Gnome', 'Klein');
INSERT INTO `mydb`.`Rassen` (`idRasse`, `Groeße_idGroeße1`) VALUES ('Halb-Elfen', 'Mittelgroß');
INSERT INTO `mydb`.`Rassen` (`idRasse`, `Groeße_idGroeße1`) VALUES ('Halb-Orks', 'Mittelgroß');
INSERT INTO `mydb`.`Rassen` (`idRasse`, `Groeße_idGroeße1`) VALUES ('Halblinge', 'Klein');
INSERT INTO `mydb`.`Rassen` (`idRasse`, `Groeße_idGroeße1`) VALUES ('Menschen', 'Mittelgroß');
INSERT INTO `mydb`.`Rassen` (`idRasse`, `Groeße_idGroeße1`) VALUES ('Zwerge', 'Mittelgroß');

COMMIT;


-- -----------------------------------------------------
-- Data for table `mydb`.`Sprachen`
-- -----------------------------------------------------
START TRANSACTION;
USE `mydb`;
INSERT INTO `mydb`.`Sprachen` (`idSprachen`) VALUES ('Abyssisch');
INSERT INTO `mydb`.`Sprachen` (`idSprachen`) VALUES ('Aklo');
INSERT INTO `mydb`.`Sprachen` (`idSprachen`) VALUES ('Aqual');
INSERT INTO `mydb`.`Sprachen` (`idSprachen`) VALUES ('Aural');
INSERT INTO `mydb`.`Sprachen` (`idSprachen`) VALUES ('Celestisch');
INSERT INTO `mydb`.`Sprachen` (`idSprachen`) VALUES ('Drakonisch');
INSERT INTO `mydb`.`Sprachen` (`idSprachen`) VALUES ('Druidisch');
INSERT INTO `mydb`.`Sprachen` (`idSprachen`) VALUES ('Elfisch');
INSERT INTO `mydb`.`Sprachen` (`idSprachen`) VALUES ('Finsterländisch');
INSERT INTO `mydb`.`Sprachen` (`idSprachen`) VALUES ('Gemeinsprache');
INSERT INTO `mydb`.`Sprachen` (`idSprachen`) VALUES ('Gnollisch');
INSERT INTO `mydb`.`Sprachen` (`idSprachen`) VALUES ('Gnomisch');
INSERT INTO `mydb`.`Sprachen` (`idSprachen`) VALUES ('Goblinisch');
INSERT INTO `mydb`.`Sprachen` (`idSprachen`) VALUES ('Halblingisch');
INSERT INTO `mydb`.`Sprachen` (`idSprachen`) VALUES ('Ignal');
INSERT INTO `mydb`.`Sprachen` (`idSprachen`) VALUES ('Infernalisch');
INSERT INTO `mydb`.`Sprachen` (`idSprachen`) VALUES ('Orkisch');
INSERT INTO `mydb`.`Sprachen` (`idSprachen`) VALUES ('Riesisch');
INSERT INTO `mydb`.`Sprachen` (`idSprachen`) VALUES ('Sylvanisch');
INSERT INTO `mydb`.`Sprachen` (`idSprachen`) VALUES ('Terral');
INSERT INTO `mydb`.`Sprachen` (`idSprachen`) VALUES ('Zwergisch');

COMMIT;


-- -----------------------------------------------------
-- Data for table `mydb`.`Rassen_Sprachen`
-- -----------------------------------------------------
START TRANSACTION;
USE `mydb`;
INSERT INTO `mydb`.`Rassen_Sprachen` (`Sprachen_idSprachen`, `Rassen_idRasse`, `Spielbeginn`) VALUES ('Celestisch', 'Elfen', 'nein');
INSERT INTO `mydb`.`Rassen_Sprachen` (`Sprachen_idSprachen`, `Rassen_idRasse`, `Spielbeginn`) VALUES ('Drakonisch', 'Elfen', 'nein');
INSERT INTO `mydb`.`Rassen_Sprachen` (`Sprachen_idSprachen`, `Rassen_idRasse`, `Spielbeginn`) VALUES ('Gnollisch', 'Elfen', 'nein');
INSERT INTO `mydb`.`Rassen_Sprachen` (`Sprachen_idSprachen`, `Rassen_idRasse`, `Spielbeginn`) VALUES ('Gnomisch', 'Elfen', 'nein');
INSERT INTO `mydb`.`Rassen_Sprachen` (`Sprachen_idSprachen`, `Rassen_idRasse`, `Spielbeginn`) VALUES ('Goblinisch', 'Elfen', 'nein');
INSERT INTO `mydb`.`Rassen_Sprachen` (`Sprachen_idSprachen`, `Rassen_idRasse`, `Spielbeginn`) VALUES ('Orkisch', 'Elfen', 'nein');
INSERT INTO `mydb`.`Rassen_Sprachen` (`Sprachen_idSprachen`, `Rassen_idRasse`, `Spielbeginn`) VALUES ('Sylvanisch', 'Elfen', 'nein');
INSERT INTO `mydb`.`Rassen_Sprachen` (`Sprachen_idSprachen`, `Rassen_idRasse`, `Spielbeginn`) VALUES ('Drakonisch', 'Gnome', 'nein');
INSERT INTO `mydb`.`Rassen_Sprachen` (`Sprachen_idSprachen`, `Rassen_idRasse`, `Spielbeginn`) VALUES ('Elfisch', 'Gnome', 'nein');
INSERT INTO `mydb`.`Rassen_Sprachen` (`Sprachen_idSprachen`, `Rassen_idRasse`, `Spielbeginn`) VALUES ('Goblinisch', 'Gnome', 'nein');
INSERT INTO `mydb`.`Rassen_Sprachen` (`Sprachen_idSprachen`, `Rassen_idRasse`, `Spielbeginn`) VALUES ('Orkisch', 'Gnome', 'nein');
INSERT INTO `mydb`.`Rassen_Sprachen` (`Sprachen_idSprachen`, `Rassen_idRasse`, `Spielbeginn`) VALUES ('Riesisch', 'Gnome', 'nein');
INSERT INTO `mydb`.`Rassen_Sprachen` (`Sprachen_idSprachen`, `Rassen_idRasse`, `Spielbeginn`) VALUES ('Zwergisch', 'Gnome', 'nein');
INSERT INTO `mydb`.`Rassen_Sprachen` (`Sprachen_idSprachen`, `Rassen_idRasse`, `Spielbeginn`) VALUES ('Abyssisch', 'Halb-Elfen', 'nein');
INSERT INTO `mydb`.`Rassen_Sprachen` (`Sprachen_idSprachen`, `Rassen_idRasse`, `Spielbeginn`) VALUES ('Aqual', 'Halb-Elfen', 'nein');
INSERT INTO `mydb`.`Rassen_Sprachen` (`Sprachen_idSprachen`, `Rassen_idRasse`, `Spielbeginn`) VALUES ('Aural', 'Halb-Elfen', 'nein');
INSERT INTO `mydb`.`Rassen_Sprachen` (`Sprachen_idSprachen`, `Rassen_idRasse`, `Spielbeginn`) VALUES ('Celestisch', 'Halb-Elfen', 'nein');
INSERT INTO `mydb`.`Rassen_Sprachen` (`Sprachen_idSprachen`, `Rassen_idRasse`, `Spielbeginn`) VALUES ('Drakonisch', 'Halb-Elfen', 'nein');
INSERT INTO `mydb`.`Rassen_Sprachen` (`Sprachen_idSprachen`, `Rassen_idRasse`, `Spielbeginn`) VALUES ('Finsterländisch', 'Halb-Elfen', 'nein');
INSERT INTO `mydb`.`Rassen_Sprachen` (`Sprachen_idSprachen`, `Rassen_idRasse`, `Spielbeginn`) VALUES ('Gnollisch', 'Halb-Elfen', 'nein');
INSERT INTO `mydb`.`Rassen_Sprachen` (`Sprachen_idSprachen`, `Rassen_idRasse`, `Spielbeginn`) VALUES ('Gnomisch', 'Halb-Elfen', 'nein');
INSERT INTO `mydb`.`Rassen_Sprachen` (`Sprachen_idSprachen`, `Rassen_idRasse`, `Spielbeginn`) VALUES ('Goblinisch', 'Halb-Elfen', 'nein');
INSERT INTO `mydb`.`Rassen_Sprachen` (`Sprachen_idSprachen`, `Rassen_idRasse`, `Spielbeginn`) VALUES ('Halblingisch', 'Halb-Elfen', 'nein');
INSERT INTO `mydb`.`Rassen_Sprachen` (`Sprachen_idSprachen`, `Rassen_idRasse`, `Spielbeginn`) VALUES ('Ignal', 'Halb-Elfen', 'nein');
INSERT INTO `mydb`.`Rassen_Sprachen` (`Sprachen_idSprachen`, `Rassen_idRasse`, `Spielbeginn`) VALUES ('Infernalisch', 'Halb-Elfen', 'nein');
INSERT INTO `mydb`.`Rassen_Sprachen` (`Sprachen_idSprachen`, `Rassen_idRasse`, `Spielbeginn`) VALUES ('Orkisch', 'Halb-Elfen', 'nein');
INSERT INTO `mydb`.`Rassen_Sprachen` (`Sprachen_idSprachen`, `Rassen_idRasse`, `Spielbeginn`) VALUES ('Riesisch', 'Halb-Elfen', 'nein');
INSERT INTO `mydb`.`Rassen_Sprachen` (`Sprachen_idSprachen`, `Rassen_idRasse`, `Spielbeginn`) VALUES ('Sylvanisch', 'Halb-Elfen', 'nein');
INSERT INTO `mydb`.`Rassen_Sprachen` (`Sprachen_idSprachen`, `Rassen_idRasse`, `Spielbeginn`) VALUES ('Terral', 'Halb-Elfen', 'nein');
INSERT INTO `mydb`.`Rassen_Sprachen` (`Sprachen_idSprachen`, `Rassen_idRasse`, `Spielbeginn`) VALUES ('Zwergisch', 'Halb-Elfen', 'nein');
INSERT INTO `mydb`.`Rassen_Sprachen` (`Sprachen_idSprachen`, `Rassen_idRasse`, `Spielbeginn`) VALUES ('Drakonisch', 'Halb-Orks', 'nein');
INSERT INTO `mydb`.`Rassen_Sprachen` (`Sprachen_idSprachen`, `Rassen_idRasse`, `Spielbeginn`) VALUES ('Riesisch', 'Halb-Orks', 'nein');
INSERT INTO `mydb`.`Rassen_Sprachen` (`Sprachen_idSprachen`, `Rassen_idRasse`, `Spielbeginn`) VALUES ('Gnollisch', 'Halb-Orks', 'nein');
INSERT INTO `mydb`.`Rassen_Sprachen` (`Sprachen_idSprachen`, `Rassen_idRasse`, `Spielbeginn`) VALUES ('Goblinisch', 'Halb-Orks', 'nein');
INSERT INTO `mydb`.`Rassen_Sprachen` (`Sprachen_idSprachen`, `Rassen_idRasse`, `Spielbeginn`) VALUES ('Abyssisch', 'Halb-Orks', 'nein');
INSERT INTO `mydb`.`Rassen_Sprachen` (`Sprachen_idSprachen`, `Rassen_idRasse`, `Spielbeginn`) VALUES ('Elfisch', 'Halblinge', 'nein');
INSERT INTO `mydb`.`Rassen_Sprachen` (`Sprachen_idSprachen`, `Rassen_idRasse`, `Spielbeginn`) VALUES ('Gnomisch', 'Halblinge', 'nein');
INSERT INTO `mydb`.`Rassen_Sprachen` (`Sprachen_idSprachen`, `Rassen_idRasse`, `Spielbeginn`) VALUES ('Goblinisch', 'Halblinge', 'nein');
INSERT INTO `mydb`.`Rassen_Sprachen` (`Sprachen_idSprachen`, `Rassen_idRasse`, `Spielbeginn`) VALUES ('Zwergisch', 'Halblinge', 'nein');
INSERT INTO `mydb`.`Rassen_Sprachen` (`Sprachen_idSprachen`, `Rassen_idRasse`, `Spielbeginn`) VALUES ('Abyssisch', 'Menschen', 'nein');
INSERT INTO `mydb`.`Rassen_Sprachen` (`Sprachen_idSprachen`, `Rassen_idRasse`, `Spielbeginn`) VALUES ('Aklo', 'Menschen', 'nein');
INSERT INTO `mydb`.`Rassen_Sprachen` (`Sprachen_idSprachen`, `Rassen_idRasse`, `Spielbeginn`) VALUES ('Aqual', 'Menschen', 'nein');
INSERT INTO `mydb`.`Rassen_Sprachen` (`Sprachen_idSprachen`, `Rassen_idRasse`, `Spielbeginn`) VALUES ('Aural', 'Menschen', 'nein');
INSERT INTO `mydb`.`Rassen_Sprachen` (`Sprachen_idSprachen`, `Rassen_idRasse`, `Spielbeginn`) VALUES ('Celestisch', 'Menschen', 'nein');
INSERT INTO `mydb`.`Rassen_Sprachen` (`Sprachen_idSprachen`, `Rassen_idRasse`, `Spielbeginn`) VALUES ('Drakonisch', 'Menschen', 'nein');
INSERT INTO `mydb`.`Rassen_Sprachen` (`Sprachen_idSprachen`, `Rassen_idRasse`, `Spielbeginn`) VALUES ('Elfisch', 'Menschen', 'nein');
INSERT INTO `mydb`.`Rassen_Sprachen` (`Sprachen_idSprachen`, `Rassen_idRasse`, `Spielbeginn`) VALUES ('Finsterländisch', 'Menschen', 'nein');
INSERT INTO `mydb`.`Rassen_Sprachen` (`Sprachen_idSprachen`, `Rassen_idRasse`, `Spielbeginn`) VALUES ('Gnollisch', 'Menschen', 'nein');
INSERT INTO `mydb`.`Rassen_Sprachen` (`Sprachen_idSprachen`, `Rassen_idRasse`, `Spielbeginn`) VALUES ('Gnomisch', 'Menschen', 'nein');
INSERT INTO `mydb`.`Rassen_Sprachen` (`Sprachen_idSprachen`, `Rassen_idRasse`, `Spielbeginn`) VALUES ('Goblinisch', 'Menschen', 'nein');
INSERT INTO `mydb`.`Rassen_Sprachen` (`Sprachen_idSprachen`, `Rassen_idRasse`, `Spielbeginn`) VALUES ('Halblingisch', 'Menschen', 'nein');
INSERT INTO `mydb`.`Rassen_Sprachen` (`Sprachen_idSprachen`, `Rassen_idRasse`, `Spielbeginn`) VALUES ('Ignal', 'Menschen', 'nein');
INSERT INTO `mydb`.`Rassen_Sprachen` (`Sprachen_idSprachen`, `Rassen_idRasse`, `Spielbeginn`) VALUES ('Infernalisch', 'Menschen', 'nein');
INSERT INTO `mydb`.`Rassen_Sprachen` (`Sprachen_idSprachen`, `Rassen_idRasse`, `Spielbeginn`) VALUES ('Orkisch', 'Menschen', 'nein');
INSERT INTO `mydb`.`Rassen_Sprachen` (`Sprachen_idSprachen`, `Rassen_idRasse`, `Spielbeginn`) VALUES ('Riesisch', 'Menschen', 'nein');
INSERT INTO `mydb`.`Rassen_Sprachen` (`Sprachen_idSprachen`, `Rassen_idRasse`, `Spielbeginn`) VALUES ('Sylvanisch', 'Menschen', 'nein');
INSERT INTO `mydb`.`Rassen_Sprachen` (`Sprachen_idSprachen`, `Rassen_idRasse`, `Spielbeginn`) VALUES ('Terral', 'Menschen', 'nein');
INSERT INTO `mydb`.`Rassen_Sprachen` (`Sprachen_idSprachen`, `Rassen_idRasse`, `Spielbeginn`) VALUES ('Zwergisch', 'Menschen', 'nein');
INSERT INTO `mydb`.`Rassen_Sprachen` (`Sprachen_idSprachen`, `Rassen_idRasse`, `Spielbeginn`) VALUES ('Riesisch', 'Zwerge', 'nein');
INSERT INTO `mydb`.`Rassen_Sprachen` (`Sprachen_idSprachen`, `Rassen_idRasse`, `Spielbeginn`) VALUES ('Gnomisch', 'Zwerge', 'nein');
INSERT INTO `mydb`.`Rassen_Sprachen` (`Sprachen_idSprachen`, `Rassen_idRasse`, `Spielbeginn`) VALUES ('Goblinisch', 'Zwerge', 'nein');
INSERT INTO `mydb`.`Rassen_Sprachen` (`Sprachen_idSprachen`, `Rassen_idRasse`, `Spielbeginn`) VALUES ('Orkisch', 'Zwerge', 'nein');
INSERT INTO `mydb`.`Rassen_Sprachen` (`Sprachen_idSprachen`, `Rassen_idRasse`, `Spielbeginn`) VALUES ('Terral', 'Zwerge', 'nein');
INSERT INTO `mydb`.`Rassen_Sprachen` (`Sprachen_idSprachen`, `Rassen_idRasse`, `Spielbeginn`) VALUES ('Finsterländisch', 'Zwerge', 'nein');
INSERT INTO `mydb`.`Rassen_Sprachen` (`Sprachen_idSprachen`, `Rassen_idRasse`, `Spielbeginn`) VALUES ('Gemeinsprache', 'Elfen', 'ja');
INSERT INTO `mydb`.`Rassen_Sprachen` (`Sprachen_idSprachen`, `Rassen_idRasse`, `Spielbeginn`) VALUES ('Elfisch', 'Elfen', 'ja');
INSERT INTO `mydb`.`Rassen_Sprachen` (`Sprachen_idSprachen`, `Rassen_idRasse`, `Spielbeginn`) VALUES ('Gemeinsprache', 'Gnome', 'ja');
INSERT INTO `mydb`.`Rassen_Sprachen` (`Sprachen_idSprachen`, `Rassen_idRasse`, `Spielbeginn`) VALUES ('Gnomisch', 'Gnome', 'ja');
INSERT INTO `mydb`.`Rassen_Sprachen` (`Sprachen_idSprachen`, `Rassen_idRasse`, `Spielbeginn`) VALUES ('Sylvanisch', 'Gnome', 'ja');
INSERT INTO `mydb`.`Rassen_Sprachen` (`Sprachen_idSprachen`, `Rassen_idRasse`, `Spielbeginn`) VALUES ('Gemeinsprache', 'Halb-Elfen', 'ja');
INSERT INTO `mydb`.`Rassen_Sprachen` (`Sprachen_idSprachen`, `Rassen_idRasse`, `Spielbeginn`) VALUES ('Elfisch', 'Halb-Elfen', 'ja');
INSERT INTO `mydb`.`Rassen_Sprachen` (`Sprachen_idSprachen`, `Rassen_idRasse`, `Spielbeginn`) VALUES ('Gemeinsprache', 'Halb-Orks', 'ja');
INSERT INTO `mydb`.`Rassen_Sprachen` (`Sprachen_idSprachen`, `Rassen_idRasse`, `Spielbeginn`) VALUES ('Orkisch', 'Halb-Orks', 'ja');
INSERT INTO `mydb`.`Rassen_Sprachen` (`Sprachen_idSprachen`, `Rassen_idRasse`, `Spielbeginn`) VALUES ('Gemeinsprache', 'Halblinge', 'ja');
INSERT INTO `mydb`.`Rassen_Sprachen` (`Sprachen_idSprachen`, `Rassen_idRasse`, `Spielbeginn`) VALUES ('Halblingisch', 'Halblinge', 'ja');
INSERT INTO `mydb`.`Rassen_Sprachen` (`Sprachen_idSprachen`, `Rassen_idRasse`, `Spielbeginn`) VALUES ('Gemeinsprache', 'Menschen', 'ja');
INSERT INTO `mydb`.`Rassen_Sprachen` (`Sprachen_idSprachen`, `Rassen_idRasse`, `Spielbeginn`) VALUES ('Gemeinsprache', 'Zwerge', 'ja');
INSERT INTO `mydb`.`Rassen_Sprachen` (`Sprachen_idSprachen`, `Rassen_idRasse`, `Spielbeginn`) VALUES ('Zwergisch', 'Zwerge', 'ja');

COMMIT;


-- -----------------------------------------------------
-- Data for table `mydb`.`Klassen`
-- -----------------------------------------------------
START TRANSACTION;
USE `mydb`;
INSERT INTO `mydb`.`Klassen` (`idKlassen`, `Trefferwürfel`, `Fertigkeitspunkte`) VALUES ('Barbar', 'W12', '4-IN-Mod');
INSERT INTO `mydb`.`Klassen` (`idKlassen`, `Trefferwürfel`, `Fertigkeitspunkte`) VALUES ('Barde', 'W8', '6-IN-Mod');
INSERT INTO `mydb`.`Klassen` (`idKlassen`, `Trefferwürfel`, `Fertigkeitspunkte`) VALUES ('Druide', 'W8', '4-IN-Mod');
INSERT INTO `mydb`.`Klassen` (`idKlassen`, `Trefferwürfel`, `Fertigkeitspunkte`) VALUES ('Hexenmeister', 'W6', '2-IN-Mod');
INSERT INTO `mydb`.`Klassen` (`idKlassen`, `Trefferwürfel`, `Fertigkeitspunkte`) VALUES ('Kämpfer', 'W10', '2-IN-Mod');
INSERT INTO `mydb`.`Klassen` (`idKlassen`, `Trefferwürfel`, `Fertigkeitspunkte`) VALUES ('Kleriker', 'W8', '2-IN-Mod');
INSERT INTO `mydb`.`Klassen` (`idKlassen`, `Trefferwürfel`, `Fertigkeitspunkte`) VALUES ('Magier', 'W6', '2-IN-Mod');
INSERT INTO `mydb`.`Klassen` (`idKlassen`, `Trefferwürfel`, `Fertigkeitspunkte`) VALUES ('Mönch', 'W8', '4-IN-Mod');
INSERT INTO `mydb`.`Klassen` (`idKlassen`, `Trefferwürfel`, `Fertigkeitspunkte`) VALUES ('Paladin', 'W10', '2-IN-Mod');
INSERT INTO `mydb`.`Klassen` (`idKlassen`, `Trefferwürfel`, `Fertigkeitspunkte`) VALUES ('Schurke', 'W8', '8-IN-Mod');
INSERT INTO `mydb`.`Klassen` (`idKlassen`, `Trefferwürfel`, `Fertigkeitspunkte`) VALUES ('Waldläufer', 'W10', '6-IN-Mod');

COMMIT;


-- -----------------------------------------------------
-- Data for table `mydb`.`Gesinnung`
-- -----------------------------------------------------
START TRANSACTION;
USE `mydb`;
INSERT INTO `mydb`.`Gesinnung` (`Gesinnung`) VALUES ('Rechtschaffen gut');
INSERT INTO `mydb`.`Gesinnung` (`Gesinnung`) VALUES ('Rechtschaffen neutral');
INSERT INTO `mydb`.`Gesinnung` (`Gesinnung`) VALUES ('Rechtschaffen böse');
INSERT INTO `mydb`.`Gesinnung` (`Gesinnung`) VALUES ('Neutral gut');
INSERT INTO `mydb`.`Gesinnung` (`Gesinnung`) VALUES ('Neutral');
INSERT INTO `mydb`.`Gesinnung` (`Gesinnung`) VALUES ('Neutral böse');
INSERT INTO `mydb`.`Gesinnung` (`Gesinnung`) VALUES ('Chaotisch gut');
INSERT INTO `mydb`.`Gesinnung` (`Gesinnung`) VALUES ('Chaotisch neutral');
INSERT INTO `mydb`.`Gesinnung` (`Gesinnung`) VALUES ('Chaotisch böse');

COMMIT;


-- -----------------------------------------------------
-- Data for table `mydb`.`Klassen_Gesinnung`
-- -----------------------------------------------------
START TRANSACTION;
USE `mydb`;
INSERT INTO `mydb`.`Klassen_Gesinnung` (`Gesinnung_idGesinnung`, `Klassen_idKlassen`) VALUES ('Neutral gut', 'Barbar');
INSERT INTO `mydb`.`Klassen_Gesinnung` (`Gesinnung_idGesinnung`, `Klassen_idKlassen`) VALUES ('Neutral', 'Barbar');
INSERT INTO `mydb`.`Klassen_Gesinnung` (`Gesinnung_idGesinnung`, `Klassen_idKlassen`) VALUES ('Neutral böse', 'Barbar');
INSERT INTO `mydb`.`Klassen_Gesinnung` (`Gesinnung_idGesinnung`, `Klassen_idKlassen`) VALUES ('Chaotisch gut', 'Barbar');
INSERT INTO `mydb`.`Klassen_Gesinnung` (`Gesinnung_idGesinnung`, `Klassen_idKlassen`) VALUES ('Chaotisch neutral', 'Barbar');
INSERT INTO `mydb`.`Klassen_Gesinnung` (`Gesinnung_idGesinnung`, `Klassen_idKlassen`) VALUES ('Chaotisch böse', 'Barbar');
INSERT INTO `mydb`.`Klassen_Gesinnung` (`Gesinnung_idGesinnung`, `Klassen_idKlassen`) VALUES ('Rechtschaffen gut', 'Barde');
INSERT INTO `mydb`.`Klassen_Gesinnung` (`Gesinnung_idGesinnung`, `Klassen_idKlassen`) VALUES ('Rechtschaffen neutral', 'Barde');
INSERT INTO `mydb`.`Klassen_Gesinnung` (`Gesinnung_idGesinnung`, `Klassen_idKlassen`) VALUES ('Rechtschaffen böse', 'Barde');
INSERT INTO `mydb`.`Klassen_Gesinnung` (`Gesinnung_idGesinnung`, `Klassen_idKlassen`) VALUES ('Neutral gut', 'Barde');
INSERT INTO `mydb`.`Klassen_Gesinnung` (`Gesinnung_idGesinnung`, `Klassen_idKlassen`) VALUES ('Neutral', 'Barde');
INSERT INTO `mydb`.`Klassen_Gesinnung` (`Gesinnung_idGesinnung`, `Klassen_idKlassen`) VALUES ('Neutral böse', 'Barde');
INSERT INTO `mydb`.`Klassen_Gesinnung` (`Gesinnung_idGesinnung`, `Klassen_idKlassen`) VALUES ('Chaotisch gut', 'Barde');
INSERT INTO `mydb`.`Klassen_Gesinnung` (`Gesinnung_idGesinnung`, `Klassen_idKlassen`) VALUES ('Chaotisch neutral', 'Barde');
INSERT INTO `mydb`.`Klassen_Gesinnung` (`Gesinnung_idGesinnung`, `Klassen_idKlassen`) VALUES ('Chaotisch böse', 'Barde');
INSERT INTO `mydb`.`Klassen_Gesinnung` (`Gesinnung_idGesinnung`, `Klassen_idKlassen`) VALUES ('Neutral gut', 'Druide');
INSERT INTO `mydb`.`Klassen_Gesinnung` (`Gesinnung_idGesinnung`, `Klassen_idKlassen`) VALUES ('Rechtschaffen neutral', 'Druide');
INSERT INTO `mydb`.`Klassen_Gesinnung` (`Gesinnung_idGesinnung`, `Klassen_idKlassen`) VALUES ('Neutral', 'Druide');
INSERT INTO `mydb`.`Klassen_Gesinnung` (`Gesinnung_idGesinnung`, `Klassen_idKlassen`) VALUES ('Chaotisch neutral', 'Druide');
INSERT INTO `mydb`.`Klassen_Gesinnung` (`Gesinnung_idGesinnung`, `Klassen_idKlassen`) VALUES ('Neutral böse', 'Druide');
INSERT INTO `mydb`.`Klassen_Gesinnung` (`Gesinnung_idGesinnung`, `Klassen_idKlassen`) VALUES ('Rechtschaffen gut', 'Hexenmeister');
INSERT INTO `mydb`.`Klassen_Gesinnung` (`Gesinnung_idGesinnung`, `Klassen_idKlassen`) VALUES ('Rechtschaffen neutral', 'Hexenmeister');
INSERT INTO `mydb`.`Klassen_Gesinnung` (`Gesinnung_idGesinnung`, `Klassen_idKlassen`) VALUES ('Rechtschaffen böse', 'Hexenmeister');
INSERT INTO `mydb`.`Klassen_Gesinnung` (`Gesinnung_idGesinnung`, `Klassen_idKlassen`) VALUES ('Neutral gut', 'Hexenmeister');
INSERT INTO `mydb`.`Klassen_Gesinnung` (`Gesinnung_idGesinnung`, `Klassen_idKlassen`) VALUES ('Neutral', 'Hexenmeister');
INSERT INTO `mydb`.`Klassen_Gesinnung` (`Gesinnung_idGesinnung`, `Klassen_idKlassen`) VALUES ('Neutral böse', 'Hexenmeister');
INSERT INTO `mydb`.`Klassen_Gesinnung` (`Gesinnung_idGesinnung`, `Klassen_idKlassen`) VALUES ('Chaotisch gut', 'Hexenmeister');
INSERT INTO `mydb`.`Klassen_Gesinnung` (`Gesinnung_idGesinnung`, `Klassen_idKlassen`) VALUES ('Chaotisch neutral', 'Hexenmeister');
INSERT INTO `mydb`.`Klassen_Gesinnung` (`Gesinnung_idGesinnung`, `Klassen_idKlassen`) VALUES ('Chaotisch böse', 'Hexenmeister');
INSERT INTO `mydb`.`Klassen_Gesinnung` (`Gesinnung_idGesinnung`, `Klassen_idKlassen`) VALUES ('Rechtschaffen gut', 'Kämpfer');
INSERT INTO `mydb`.`Klassen_Gesinnung` (`Gesinnung_idGesinnung`, `Klassen_idKlassen`) VALUES ('Rechtschaffen neutral', 'Kämpfer');
INSERT INTO `mydb`.`Klassen_Gesinnung` (`Gesinnung_idGesinnung`, `Klassen_idKlassen`) VALUES ('Rechtschaffen böse', 'Kämpfer');
INSERT INTO `mydb`.`Klassen_Gesinnung` (`Gesinnung_idGesinnung`, `Klassen_idKlassen`) VALUES ('Neutral gut', 'Kämpfer');
INSERT INTO `mydb`.`Klassen_Gesinnung` (`Gesinnung_idGesinnung`, `Klassen_idKlassen`) VALUES ('Neutral', 'Kämpfer');
INSERT INTO `mydb`.`Klassen_Gesinnung` (`Gesinnung_idGesinnung`, `Klassen_idKlassen`) VALUES ('Neutral böse', 'Kämpfer');
INSERT INTO `mydb`.`Klassen_Gesinnung` (`Gesinnung_idGesinnung`, `Klassen_idKlassen`) VALUES ('Chaotisch gut', 'Kämpfer');
INSERT INTO `mydb`.`Klassen_Gesinnung` (`Gesinnung_idGesinnung`, `Klassen_idKlassen`) VALUES ('Chaotisch neutral', 'Kämpfer');
INSERT INTO `mydb`.`Klassen_Gesinnung` (`Gesinnung_idGesinnung`, `Klassen_idKlassen`) VALUES ('Chaotisch böse', 'Kämpfer');
INSERT INTO `mydb`.`Klassen_Gesinnung` (`Gesinnung_idGesinnung`, `Klassen_idKlassen`) VALUES ('Rechtschaffen gut', 'Kleriker');
INSERT INTO `mydb`.`Klassen_Gesinnung` (`Gesinnung_idGesinnung`, `Klassen_idKlassen`) VALUES ('Rechtschaffen neutral', 'Kleriker');
INSERT INTO `mydb`.`Klassen_Gesinnung` (`Gesinnung_idGesinnung`, `Klassen_idKlassen`) VALUES ('Rechtschaffen böse', 'Kleriker');
INSERT INTO `mydb`.`Klassen_Gesinnung` (`Gesinnung_idGesinnung`, `Klassen_idKlassen`) VALUES ('Neutral gut', 'Kleriker');
INSERT INTO `mydb`.`Klassen_Gesinnung` (`Gesinnung_idGesinnung`, `Klassen_idKlassen`) VALUES ('Neutral', 'Kleriker');
INSERT INTO `mydb`.`Klassen_Gesinnung` (`Gesinnung_idGesinnung`, `Klassen_idKlassen`) VALUES ('Neutral böse', 'Kleriker');
INSERT INTO `mydb`.`Klassen_Gesinnung` (`Gesinnung_idGesinnung`, `Klassen_idKlassen`) VALUES ('Chaotisch gut', 'Kleriker');
INSERT INTO `mydb`.`Klassen_Gesinnung` (`Gesinnung_idGesinnung`, `Klassen_idKlassen`) VALUES ('Chaotisch neutral', 'Kleriker');
INSERT INTO `mydb`.`Klassen_Gesinnung` (`Gesinnung_idGesinnung`, `Klassen_idKlassen`) VALUES ('Chaotisch böse', 'Kleriker');
INSERT INTO `mydb`.`Klassen_Gesinnung` (`Gesinnung_idGesinnung`, `Klassen_idKlassen`) VALUES ('Rechtschaffen gut', 'Magier');
INSERT INTO `mydb`.`Klassen_Gesinnung` (`Gesinnung_idGesinnung`, `Klassen_idKlassen`) VALUES ('Rechtschaffen neutral', 'Magier');
INSERT INTO `mydb`.`Klassen_Gesinnung` (`Gesinnung_idGesinnung`, `Klassen_idKlassen`) VALUES ('Rechtschaffen böse', 'Magier');
INSERT INTO `mydb`.`Klassen_Gesinnung` (`Gesinnung_idGesinnung`, `Klassen_idKlassen`) VALUES ('Neutral gut', 'Magier');
INSERT INTO `mydb`.`Klassen_Gesinnung` (`Gesinnung_idGesinnung`, `Klassen_idKlassen`) VALUES ('Neutral', 'Magier');
INSERT INTO `mydb`.`Klassen_Gesinnung` (`Gesinnung_idGesinnung`, `Klassen_idKlassen`) VALUES ('Neutral böse', 'Magier');
INSERT INTO `mydb`.`Klassen_Gesinnung` (`Gesinnung_idGesinnung`, `Klassen_idKlassen`) VALUES ('Chaotisch gut', 'Magier');
INSERT INTO `mydb`.`Klassen_Gesinnung` (`Gesinnung_idGesinnung`, `Klassen_idKlassen`) VALUES ('Chaotisch neutral', 'Magier');
INSERT INTO `mydb`.`Klassen_Gesinnung` (`Gesinnung_idGesinnung`, `Klassen_idKlassen`) VALUES ('Chaotisch böse', 'Magier');
INSERT INTO `mydb`.`Klassen_Gesinnung` (`Gesinnung_idGesinnung`, `Klassen_idKlassen`) VALUES ('Rechtschaffen gut', 'Mönch');
INSERT INTO `mydb`.`Klassen_Gesinnung` (`Gesinnung_idGesinnung`, `Klassen_idKlassen`) VALUES ('Rechtschaffen neutral', 'Mönch');
INSERT INTO `mydb`.`Klassen_Gesinnung` (`Gesinnung_idGesinnung`, `Klassen_idKlassen`) VALUES ('Rechtschaffen böse', 'Mönch');
INSERT INTO `mydb`.`Klassen_Gesinnung` (`Gesinnung_idGesinnung`, `Klassen_idKlassen`) VALUES ('Rechtschaffen gut', 'Paladin');
INSERT INTO `mydb`.`Klassen_Gesinnung` (`Gesinnung_idGesinnung`, `Klassen_idKlassen`) VALUES ('Rechtschaffen gut', 'Schurke');
INSERT INTO `mydb`.`Klassen_Gesinnung` (`Gesinnung_idGesinnung`, `Klassen_idKlassen`) VALUES ('Rechtschaffen neutral', 'Schurke');
INSERT INTO `mydb`.`Klassen_Gesinnung` (`Gesinnung_idGesinnung`, `Klassen_idKlassen`) VALUES ('Rechtschaffen böse', 'Schurke');
INSERT INTO `mydb`.`Klassen_Gesinnung` (`Gesinnung_idGesinnung`, `Klassen_idKlassen`) VALUES ('Neutral gut', 'Schurke');
INSERT INTO `mydb`.`Klassen_Gesinnung` (`Gesinnung_idGesinnung`, `Klassen_idKlassen`) VALUES ('Neutral', 'Schurke');
INSERT INTO `mydb`.`Klassen_Gesinnung` (`Gesinnung_idGesinnung`, `Klassen_idKlassen`) VALUES ('Neutral böse', 'Schurke');
INSERT INTO `mydb`.`Klassen_Gesinnung` (`Gesinnung_idGesinnung`, `Klassen_idKlassen`) VALUES ('Chaotisch gut', 'Schurke');
INSERT INTO `mydb`.`Klassen_Gesinnung` (`Gesinnung_idGesinnung`, `Klassen_idKlassen`) VALUES ('Chaotisch neutral', 'Schurke');
INSERT INTO `mydb`.`Klassen_Gesinnung` (`Gesinnung_idGesinnung`, `Klassen_idKlassen`) VALUES ('Chaotisch böse', 'Schurke');
INSERT INTO `mydb`.`Klassen_Gesinnung` (`Gesinnung_idGesinnung`, `Klassen_idKlassen`) VALUES ('Rechtschaffen gut', 'Waldläufer');
INSERT INTO `mydb`.`Klassen_Gesinnung` (`Gesinnung_idGesinnung`, `Klassen_idKlassen`) VALUES ('Rechtschaffen neutral', 'Waldläufer');
INSERT INTO `mydb`.`Klassen_Gesinnung` (`Gesinnung_idGesinnung`, `Klassen_idKlassen`) VALUES ('Rechtschaffen böse', 'Waldläufer');
INSERT INTO `mydb`.`Klassen_Gesinnung` (`Gesinnung_idGesinnung`, `Klassen_idKlassen`) VALUES ('Neutral gut', 'Waldläufer');
INSERT INTO `mydb`.`Klassen_Gesinnung` (`Gesinnung_idGesinnung`, `Klassen_idKlassen`) VALUES ('Neutral', 'Waldläufer');
INSERT INTO `mydb`.`Klassen_Gesinnung` (`Gesinnung_idGesinnung`, `Klassen_idKlassen`) VALUES ('Neutral böse', 'Waldläufer');
INSERT INTO `mydb`.`Klassen_Gesinnung` (`Gesinnung_idGesinnung`, `Klassen_idKlassen`) VALUES ('Chaotisch gut', 'Waldläufer');
INSERT INTO `mydb`.`Klassen_Gesinnung` (`Gesinnung_idGesinnung`, `Klassen_idKlassen`) VALUES ('Chaotisch neutral', 'Waldläufer');
INSERT INTO `mydb`.`Klassen_Gesinnung` (`Gesinnung_idGesinnung`, `Klassen_idKlassen`) VALUES ('Chaotisch böse', 'Waldläufer');

COMMIT;


-- -----------------------------------------------------
-- Data for table `mydb`.`Rassenboni`
-- -----------------------------------------------------
START TRANSACTION;
USE `mydb`;
INSERT INTO `mydb`.`Rassenboni` (`idRassenboni`, `Rassen_idRasse`, `Boni`, `Bezeichnung`) VALUES (1, 'Elfen', 'Attribute', '+2 GE, +2 IN, -2 KO');
INSERT INTO `mydb`.`Rassenboni` (`idRassenboni`, `Rassen_idRasse`, `Boni`, `Bezeichnung`) VALUES (2, 'Elfen', 'Normale Bewegunsrate', 'Elfen haben eine Grundbewegungsrate von 9m.');
INSERT INTO `mydb`.`Rassenboni` (`idRassenboni`, `Rassen_idRasse`, `Boni`, `Bezeichnung`) VALUES (3, 'Elfen', 'Mittelgroß', 'Elfen sind mittelgroße Kreaturen und erhalten keinerlei Boni oder Mali aufgrund ihrer Größe.');
INSERT INTO `mydb`.`Rassenboni` (`idRassenboni`, `Rassen_idRasse`, `Boni`, `Bezeichnung`) VALUES (4, 'Elfen', 'Dämmersicht', 'Elfen können bei schlechter Beleuchtung doppelt so weit sehen wie Menschen.');
INSERT INTO `mydb`.`Rassenboni` (`idRassenboni`, `Rassen_idRasse`, `Boni`, `Bezeichnung`) VALUES (5, 'Elfen', 'Geschärfte Sinne', 'Elfen erhalten einen Volksbonus von +2 auf Fertigkeitswürfe für Wahrnehmung.');
INSERT INTO `mydb`.`Rassenboni` (`idRassenboni`, `Rassen_idRasse`, `Boni`, `Bezeichnung`) VALUES (6, 'Elfen', 'Elfische Immunität', 'Elfen sind immun gegen magische Schlaf-Effekte und erhalten einen Volksbonus von +2 auf Rettungswürfe gegen Zauber oder magische Effekte aus der Schule der Verzauberung.');
INSERT INTO `mydb`.`Rassenboni` (`idRassenboni`, `Rassen_idRasse`, `Boni`, `Bezeichnung`) VALUES (7, 'Elfen', 'Elfenmagie', 'Elfen erhalten einen Volksbonus von +2 auf Zauberstufenwürfe, wenn es um die Überwindung von Zauberresistenz geht. Darüber hinaus erhalten sie einen Volksbonus von +2 auf Fertigkeitswürfe für Zauberkunde, die der Ermittlung der Eigenschaften magischer Gegenstände dienen.');
INSERT INTO `mydb`.`Rassenboni` (`idRassenboni`, `Rassen_idRasse`, `Boni`, `Bezeichnung`) VALUES (8, 'Elfen', 'Waffenvertrautheit', 'Elfen sind geübt im Umgang mit Langbögen (einschließlich Kompositlangbögen), und behandeln jede Waffe, die als „elfisch“ bezeichnet wird, als Kriegswaffe.');
INSERT INTO `mydb`.`Rassenboni` (`idRassenboni`, `Rassen_idRasse`, `Boni`, `Bezeichnung`) VALUES (9, 'Gnome', 'Attribute', '+2 KO, +2 CH, -2 ST');
INSERT INTO `mydb`.`Rassenboni` (`idRassenboni`, `Rassen_idRasse`, `Boni`, `Bezeichnung`) VALUES (10, 'Gnome', 'Klein', 'Gnome sind kleine Kreaturen, so dass sie einen Größenbonus von +1 auf ihre RK, einen Größenbonus von +1 auf Angriffswürfe und einen Größenbonus von +4 auf Fertigkeitswürfe für Heimlichkeit erhalten, allerdings erhalten sie einen Malus von -1 auf ihren KMB und ihre KMV.');
INSERT INTO `mydb`.`Rassenboni` (`idRassenboni`, `Rassen_idRasse`, `Boni`, `Bezeichnung`) VALUES (11, 'Gnome', 'Geringe Bewegungsrate', 'Gnome haben eine Grundbewegungsrate von 6 m.');
INSERT INTO `mydb`.`Rassenboni` (`idRassenboni`, `Rassen_idRasse`, `Boni`, `Bezeichnung`) VALUES (12, 'Gnome', 'Dämmersicht', 'Gnome können bei schlechter Beleuchtung doppelt so weit sehen wie Menschen.');
INSERT INTO `mydb`.`Rassenboni` (`idRassenboni`, `Rassen_idRasse`, `Boni`, `Bezeichnung`) VALUES (13, 'Gnome', 'Geschärfte Sinne', 'Gnome erhalten einen Volksbonus von +2 auf Fertigkeitswürfe für Wahrnehmung.');
INSERT INTO `mydb`.`Rassenboni` (`idRassenboni`, `Rassen_idRasse`, `Boni`, `Bezeichnung`) VALUES (14, 'Gnome', 'Eifrig', 'Gnome erhalten einen Volksbonus von +2 auf eine Handwerks- oder Berufsfertigkeit deiner Wahl.');
INSERT INTO `mydb`.`Rassenboni` (`idRassenboni`, `Rassen_idRasse`, `Boni`, `Bezeichnung`) VALUES (15, 'Gnome', 'Illusionsresistenz', 'Gnome erhalten einen Volksbonus von +2 auf Rettungswürfe gegen Illusionseffekte.');
INSERT INTO `mydb`.`Rassenboni` (`idRassenboni`, `Rassen_idRasse`, `Boni`, `Bezeichnung`) VALUES (16, 'Gnome', 'Gnomenmagie', 'Gnome erhöhen den SG aller Rettungswürfe gegen von ihnen gewirkte Illusionszauber um +1. Gnome mit einem Charisma von 11 oder höher erhalten außerdem die folgenden zauberähnlichen Fähigkeiten: 1/Tag - Geisterhaftes Geräusch, Mit Tieren Sprechen, Tanzende Lichter, Zaubertrick. Die Zauberstufe für diese Effekte entspricht der Charakterstufe des Gnoms. Der SG für Rettungswürfe gegen diese Zauber ist gleich 10 + Grad des Zaubers + dem Charisma-Modifikator des Gnoms.');
INSERT INTO `mydb`.`Rassenboni` (`idRassenboni`, `Rassen_idRasse`, `Boni`, `Bezeichnung`) VALUES (17, 'Gnome', 'Waffenvertrautheit', 'Gnome behandeln jede Waffe, die als „gnomisch“ bezeichnet wird, als Kriegswaffe.');
INSERT INTO `mydb`.`Rassenboni` (`idRassenboni`, `Rassen_idRasse`, `Boni`, `Bezeichnung`) VALUES (18, 'Gnome', 'Hass', 'Aufgrund einer speziellen Ausbildung erhalten Gnome einen Bonus von +1 auf Angriffswürfe gegen humanoide Kreaturen, die den Unterarten Reptil oder Goblinoider angehören.');
INSERT INTO `mydb`.`Rassenboni` (`idRassenboni`, `Rassen_idRasse`, `Boni`, `Bezeichnung`) VALUES (19, 'Gnome', 'Verteidigungsschulung', 'Gegen Angriffe von Monstern der Kreaturenart Riese erhalten Gnome einen Ausweichbonus von +4 auf ihre RK.');
INSERT INTO `mydb`.`Rassenboni` (`idRassenboni`, `Rassen_idRasse`, `Boni`, `Bezeichnung`) VALUES (20, 'Halb-Elfen', 'Attribute', '+2  auf einen Attributswert');
INSERT INTO `mydb`.`Rassenboni` (`idRassenboni`, `Rassen_idRasse`, `Boni`, `Bezeichnung`) VALUES (21, 'Halb-Elfen', 'Mittelgroß', 'Halb-Elfen sind mittelgroße Kreaturen und erhalten keinerlei Bonus oder Malus aufgrund ihrer Größe.');
INSERT INTO `mydb`.`Rassenboni` (`idRassenboni`, `Rassen_idRasse`, `Boni`, `Bezeichnung`) VALUES (22, 'Halb-Elfen', 'Normale Bewegungsrate', 'Halb-Elfen haben eine Grundbewegungsrate von 9 m.');
INSERT INTO `mydb`.`Rassenboni` (`idRassenboni`, `Rassen_idRasse`, `Boni`, `Bezeichnung`) VALUES (23, 'Halb-Elfen', 'Dämmersicht', 'Halb-Elfen können bei schlechter Beleuchtung doppelt so weit sehen wie Menschen.');
INSERT INTO `mydb`.`Rassenboni` (`idRassenboni`, `Rassen_idRasse`, `Boni`, `Bezeichnung`) VALUES (24, 'Halb-Elfen', 'Geschärfte Sinne', 'Halb-Elfen erhalten einen Volksbonus von +2 auf Fertigkeitswürfe für Wahrnehmung.');
INSERT INTO `mydb`.`Rassenboni` (`idRassenboni`, `Rassen_idRasse`, `Boni`, `Bezeichnung`) VALUES (25, 'Halb-Elfen', 'Elfische Immunität', 'Halb-Elfen sind immun gegen magische Schlaf-Effekte und erhalten einen Volksbonus von +2 auf Rettungswürfe gegen Zauber oder magische Effekte aus der Schule der Verzauberung.');
INSERT INTO `mydb`.`Rassenboni` (`idRassenboni`, `Rassen_idRasse`, `Boni`, `Bezeichnung`) VALUES (26, 'Halb-Elfen', 'Anpassungsfähig', 'Als Bonustalent erhalten Halb-Elfen auf der 1. Stufe das Talent Fertigkeitsfokus.');
INSERT INTO `mydb`.`Rassenboni` (`idRassenboni`, `Rassen_idRasse`, `Boni`, `Bezeichnung`) VALUES (27, 'Halb-Elfen', 'Elfenblut', 'Für jeden auf das Volk bezogenen Effekt werden Halb-Elfen sowohl als Elfen als auch als Menschen behandelt.');
INSERT INTO `mydb`.`Rassenboni` (`idRassenboni`, `Rassen_idRasse`, `Boni`, `Bezeichnung`) VALUES (28, 'Halb-Elfen', 'Multitalent', 'Halb-Elfen dürfen sich auf der 1. Stufe zwei bevorzugte Klassen aussuchen und erhalten entweder +1 Trefferpunkte oder +1 Fertigkeitspunkte, wenn sie in einer dieser Klassen eine Stufe aufsteigen.');
INSERT INTO `mydb`.`Rassenboni` (`idRassenboni`, `Rassen_idRasse`, `Boni`, `Bezeichnung`) VALUES (29, 'Halb-Orks', 'Attribute', '+2 auf einen Attributswert');
INSERT INTO `mydb`.`Rassenboni` (`idRassenboni`, `Rassen_idRasse`, `Boni`, `Bezeichnung`) VALUES (30, 'Halb-Orks', 'Mittelgroß', 'Halb-Orks sind mittelgroße Kreaturen und erhalten keinerlei Bonus oder Malus aufgrund ihrer Größe.');
INSERT INTO `mydb`.`Rassenboni` (`idRassenboni`, `Rassen_idRasse`, `Boni`, `Bezeichnung`) VALUES (31, 'Halb-Orks', 'Normale Bewegunsrate', 'Halb-Orks haben eine Grundbewegungsrate von 9 m.');
INSERT INTO `mydb`.`Rassenboni` (`idRassenboni`, `Rassen_idRasse`, `Boni`, `Bezeichnung`) VALUES (32, 'Halb-Orks', 'Dunkelsicht', 'Halb-Orks können im Dunkeln bis zu 18 m weit sehen.');
INSERT INTO `mydb`.`Rassenboni` (`idRassenboni`, `Rassen_idRasse`, `Boni`, `Bezeichnung`) VALUES (33, 'Halb-Orks', 'Waffenvertrautheit', 'Halb-Orks sind geübt im Umgang mit dem Krummschwert und der Zweihändigen Axt und behandeln alle Waffen, die als „orkisch“ bezeichnet werden, als Kriegswaffen.');
INSERT INTO `mydb`.`Rassenboni` (`idRassenboni`, `Rassen_idRasse`, `Boni`, `Bezeichnung`) VALUES (34, 'Halb-Orks', 'Orkische Wildheit', 'Ein Mal pro Tag, wenn ein Halb-Ork auf weniger als 0 Trefferpunkte reduziert wurde, ohne dabei zu Tode zu kommen, kann er für eine Runde weiterkämpfen, als ob er nur kampfunfähig wäre. Sollte er dann nicht wieder auf über 0 Trefferpunkte gebracht worden sein, so wird er am Ende seines nächsten Zuges sofort bewusstlos und beginnt zu sterben.');
INSERT INTO `mydb`.`Rassenboni` (`idRassenboni`, `Rassen_idRasse`, `Boni`, `Bezeichnung`) VALUES (35, 'Halb-Orks', 'Orkblut', 'Für jeden auf das Volk bezogenen Effekt werden Halb-Orks sowohl als Orks als auch als Menschen behandelt.');
INSERT INTO `mydb`.`Rassenboni` (`idRassenboni`, `Rassen_idRasse`, `Boni`, `Bezeichnung`) VALUES (36, 'Halb-Orks', 'Einschüchtern', 'Halb-Orks erhalten einen Volksbonus von +2 auf Würfe für Einschüchtern, da sie eben einen furchterregenden Eindruck machen.');
INSERT INTO `mydb`.`Rassenboni` (`idRassenboni`, `Rassen_idRasse`, `Boni`, `Bezeichnung`) VALUES (37, 'Halblinge', 'Attribute', '+2 GE, +2 CH, -2 ST');
INSERT INTO `mydb`.`Rassenboni` (`idRassenboni`, `Rassen_idRasse`, `Boni`, `Bezeichnung`) VALUES (38, 'Halblinge', 'Klein', 'Halblinge sind kleine Kreaturen, so dass sie einen Größenbonus von +1 auf ihre RK, einen Größenbonus von +1 auf Angriffswürfe und einen Größenbonus von +4 auf Fertigkeitswürfe für Heimlichkeit erhalten. Allerdings erhalten sie einen Malus von -1 auf ihren KMB und ihre KMV.');
INSERT INTO `mydb`.`Rassenboni` (`idRassenboni`, `Rassen_idRasse`, `Boni`, `Bezeichnung`) VALUES (39, 'Halblinge', 'Geringe Bewegungsrate', 'Halblinge haben eine Grundbewegungsrate von 6 m.');
INSERT INTO `mydb`.`Rassenboni` (`idRassenboni`, `Rassen_idRasse`, `Boni`, `Bezeichnung`) VALUES (40, 'Halblinge', 'Wendig', 'Halblinge erhalten einen Volksbonus von +2 auf Fertigkeitswürfe für Akrobatik und Klettern.');
INSERT INTO `mydb`.`Rassenboni` (`idRassenboni`, `Rassen_idRasse`, `Boni`, `Bezeichnung`) VALUES (41, 'Halblinge', 'Halblingsglück', 'Halblinge erhalten eine Volksbonus von +1 auf alle Rettungswürfe.');
INSERT INTO `mydb`.`Rassenboni` (`idRassenboni`, `Rassen_idRasse`, `Boni`, `Bezeichnung`) VALUES (42, 'Halblinge', 'Furchtlos', 'Halblinge erhalten einen Volksbonus von +2 auf alle Rettungswürfe gegen Furcht. Dieser Bonus addiert sich mit dem Bonus für Halblingsglück.');
INSERT INTO `mydb`.`Rassenboni` (`idRassenboni`, `Rassen_idRasse`, `Boni`, `Bezeichnung`) VALUES (43, 'Halblinge', 'Waffenvertrautheit', 'Halblinge sind geübt im Umgang mit Schleudern und behandeln alle Waffen, die das Wort „Halbling“ im Namen tragen, als Kriegswaffen.');
INSERT INTO `mydb`.`Rassenboni` (`idRassenboni`, `Rassen_idRasse`, `Boni`, `Bezeichnung`) VALUES (44, 'Menschen', 'Attribute', '+2 auf einen Attributswert');
INSERT INTO `mydb`.`Rassenboni` (`idRassenboni`, `Rassen_idRasse`, `Boni`, `Bezeichnung`) VALUES (45, 'Menschen', 'Mittelgroß', 'Menschen sind mittelgroße Kreaturen und erhalten keinerlei Bonus oder Malus aufgrund ihrer Größe.');
INSERT INTO `mydb`.`Rassenboni` (`idRassenboni`, `Rassen_idRasse`, `Boni`, `Bezeichnung`) VALUES (46, 'Menschen', 'Normale Bewegungsrate', 'Menschen haben eine Grundbewegungsrate von 9 m.');
INSERT INTO `mydb`.`Rassenboni` (`idRassenboni`, `Rassen_idRasse`, `Boni`, `Bezeichnung`) VALUES (47, 'Menschen', 'Bonustalent', 'Menschen wählen ein zusätzliches Talent auf der 1. Stufe.');
INSERT INTO `mydb`.`Rassenboni` (`idRassenboni`, `Rassen_idRasse`, `Boni`, `Bezeichnung`) VALUES (48, 'Menschen', 'Geschult', 'Menschen erhalten einen zusätzlichen Fertigkeitsrang auf der 1. Stufe und einen weiteren zusätzlichen Fertigkeitsrang bei jedem Stufenaufstieg.');
INSERT INTO `mydb`.`Rassenboni` (`idRassenboni`, `Rassen_idRasse`, `Boni`, `Bezeichnung`) VALUES (49, 'Zwerge', 'Attribute', '+2 KO, +2 WE, -2 CH');
INSERT INTO `mydb`.`Rassenboni` (`idRassenboni`, `Rassen_idRasse`, `Boni`, `Bezeichnung`) VALUES (50, 'Zwerge', 'Mittelgroß', 'Zwerge sind mittelgroße Kreaturen und erhalten keinerlei Bonus oder Malus aufgrund ihrer Größe.');
INSERT INTO `mydb`.`Rassenboni` (`idRassenboni`, `Rassen_idRasse`, `Boni`, `Bezeichnung`) VALUES (51, 'Zwerge', 'Ruhig und sicher', 'Zwerge haben eine Grundbewegungsrate von 6 m, aber ihre Bewegungsrate wird nie durch Belastung oder Rüstung verändert.');
INSERT INTO `mydb`.`Rassenboni` (`idRassenboni`, `Rassen_idRasse`, `Boni`, `Bezeichnung`) VALUES (52, 'Zwerge', 'Dunkelsicht', 'Zwerge können im Dunkeln bis zu 18 m weit sehen.');
INSERT INTO `mydb`.`Rassenboni` (`idRassenboni`, `Rassen_idRasse`, `Boni`, `Bezeichnung`) VALUES (53, 'Zwerge', 'Steingespür', 'Zwerge erhalten einen Bonus von +2 auf Fertigkeitswürfe für Wahrnehmung, um ungewöhnliches Stein- oder Mauerwerk zu bemerken – wie etwa Fallen oder Geheimtüren, die sich in steinernen Wänden oder Böden befinden. Sie dürfen einen Fertigkeitswurf machen, um solche Eigenarten zu bemerken, wann immer sie diese innerhalb von 3 m Entfernung passieren, unabhängig davon, ob sie bewusst danach suchen oder nicht.');
INSERT INTO `mydb`.`Rassenboni` (`idRassenboni`, `Rassen_idRasse`, `Boni`, `Bezeichnung`) VALUES (54, 'Zwerge', 'Gier', 'Zwerge erhalten einen Volksbonus von +2 auf Würfe für Schätzen, um den Preis nicht-magischer Güter zu ermitteln, die wertvolle Metalle oder Edelsteine beinhalten.');
INSERT INTO `mydb`.`Rassenboni` (`idRassenboni`, `Rassen_idRasse`, `Boni`, `Bezeichnung`) VALUES (55, 'Zwerge', 'Abgehärtet', 'Zwerge erhalten einen Volksbonus von +2 für Rettungswürfe gegen Gifte, Zauber und zauberähnliche Fähigkeiten.');
INSERT INTO `mydb`.`Rassenboni` (`idRassenboni`, `Rassen_idRasse`, `Boni`, `Bezeichnung`) VALUES (56, 'Zwerge', 'Waffenvertrautheit', 'Zwerge sind geübt im Umgang mit Streitäxten, schweren Streithämmern und Kriegshämmern, und sie behandeln jede Waffe, die als „zwergisch“ bezeichnet wird, als eine Kriegswaffe.');
INSERT INTO `mydb`.`Rassenboni` (`idRassenboni`, `Rassen_idRasse`, `Boni`, `Bezeichnung`) VALUES (57, 'Zwerge', 'Hass', 'Aufgrund einer speziellen Ausbildung erhalten Zwerge einen Bonus von +1 auf Angriffswürfe gegen humanoide Kreaturen, welche der Ork- oder Goblin-Unterart angehören.');
INSERT INTO `mydb`.`Rassenboni` (`idRassenboni`, `Rassen_idRasse`, `Boni`, `Bezeichnung`) VALUES (58, 'Zwerge', 'Verteidigungsschulung', 'Gegen Angriffe von Monstern der Unterart Riese erhalten Zwerge einen Ausweichbonus von +4 auf ihre RK.');
INSERT INTO `mydb`.`Rassenboni` (`idRassenboni`, `Rassen_idRasse`, `Boni`, `Bezeichnung`) VALUES (59, 'Zwerge', 'Standfestigkeit', 'Zwerge erhalten einen Volksbonus von +4 auf ihre Kampfmanöververteidigung, wenn sie einem Ansturm oder einem Versuch widerstehen wollen, sie zu Fall zu bringen, wenn sie auf einem festen Untergrund stehen.');

COMMIT;


-- -----------------------------------------------------
-- Data for table `mydb`.`AlterBoni`
-- -----------------------------------------------------
START TRANSACTION;
USE `mydb`;
INSERT INTO `mydb`.`AlterBoni` (`idAlter`, `Alter`, `STR`, `GE`, `KON`, `IN`, `WE`, `CH`) VALUES (1, 'Mittleres Alter', -1, -1, -1, 1, 1, 1);
INSERT INTO `mydb`.`AlterBoni` (`idAlter`, `Alter`, `STR`, `GE`, `KON`, `IN`, `WE`, `CH`) VALUES (2, 'Alt', -2, -2, -2, 1, 1, 1);
INSERT INTO `mydb`.`AlterBoni` (`idAlter`, `Alter`, `STR`, `GE`, `KON`, `IN`, `WE`, `CH`) VALUES (3, 'Erwürdiges Alter', -3, -3, -3, 1, 1, 1);

COMMIT;


-- -----------------------------------------------------
-- Data for table `mydb`.`Fertigkeiten`
-- -----------------------------------------------------
START TRANSACTION;
USE `mydb`;
INSERT INTO `mydb`.`Fertigkeiten` (`Fertigkeiten`) VALUES ('Akrobatik');
INSERT INTO `mydb`.`Fertigkeiten` (`Fertigkeiten`) VALUES ('Auftreten');
INSERT INTO `mydb`.`Fertigkeiten` (`Fertigkeiten`) VALUES ('Beruf');
INSERT INTO `mydb`.`Fertigkeiten` (`Fertigkeiten`) VALUES ('Bluffen');
INSERT INTO `mydb`.`Fertigkeiten` (`Fertigkeiten`) VALUES ('Diplomatie');
INSERT INTO `mydb`.`Fertigkeiten` (`Fertigkeiten`) VALUES ('Einschüchtern');
INSERT INTO `mydb`.`Fertigkeiten` (`Fertigkeiten`) VALUES ('Entfesselungskunst');
INSERT INTO `mydb`.`Fertigkeiten` (`Fertigkeiten`) VALUES ('Fingerfertigkeit');
INSERT INTO `mydb`.`Fertigkeiten` (`Fertigkeiten`) VALUES ('Fliegen');
INSERT INTO `mydb`.`Fertigkeiten` (`Fertigkeiten`) VALUES ('Handwerk');
INSERT INTO `mydb`.`Fertigkeiten` (`Fertigkeiten`) VALUES ('Heilkunde');
INSERT INTO `mydb`.`Fertigkeiten` (`Fertigkeiten`) VALUES ('Heimlichkeit');
INSERT INTO `mydb`.`Fertigkeiten` (`Fertigkeiten`) VALUES ('Klettern');
INSERT INTO `mydb`.`Fertigkeiten` (`Fertigkeiten`) VALUES ('Magischen Gegenstand benutzen');
INSERT INTO `mydb`.`Fertigkeiten` (`Fertigkeiten`) VALUES ('Mechanismus ausschalten');
INSERT INTO `mydb`.`Fertigkeiten` (`Fertigkeiten`) VALUES ('Mit Tieren umgehen');
INSERT INTO `mydb`.`Fertigkeiten` (`Fertigkeiten`) VALUES ('Motiv erkennen');
INSERT INTO `mydb`.`Fertigkeiten` (`Fertigkeiten`) VALUES ('Reiten');
INSERT INTO `mydb`.`Fertigkeiten` (`Fertigkeiten`) VALUES ('Schätzen');
INSERT INTO `mydb`.`Fertigkeiten` (`Fertigkeiten`) VALUES ('Schwimmen');
INSERT INTO `mydb`.`Fertigkeiten` (`Fertigkeiten`) VALUES ('Sprachenkunde');
INSERT INTO `mydb`.`Fertigkeiten` (`Fertigkeiten`) VALUES ('Überlebenskunst');
INSERT INTO `mydb`.`Fertigkeiten` (`Fertigkeiten`) VALUES ('Verkleiden');
INSERT INTO `mydb`.`Fertigkeiten` (`Fertigkeiten`) VALUES ('Wahrnehmung');
INSERT INTO `mydb`.`Fertigkeiten` (`Fertigkeiten`) VALUES ('Wissen (Adel)');
INSERT INTO `mydb`.`Fertigkeiten` (`Fertigkeiten`) VALUES ('Wissen (Arkanes)');
INSERT INTO `mydb`.`Fertigkeiten` (`Fertigkeiten`) VALUES ('Wissen (Baukunst)');
INSERT INTO `mydb`.`Fertigkeiten` (`Fertigkeiten`) VALUES ('Wissen (Die Ebenen)');
INSERT INTO `mydb`.`Fertigkeiten` (`Fertigkeiten`) VALUES ('Wissen (Geographie)');
INSERT INTO `mydb`.`Fertigkeiten` (`Fertigkeiten`) VALUES ('Wissen (Geschichte)');
INSERT INTO `mydb`.`Fertigkeiten` (`Fertigkeiten`) VALUES ('Wissen (Gewölbekunde)');
INSERT INTO `mydb`.`Fertigkeiten` (`Fertigkeiten`) VALUES ('Wissen (Lokales)');
INSERT INTO `mydb`.`Fertigkeiten` (`Fertigkeiten`) VALUES ('Wissen (Natur)');
INSERT INTO `mydb`.`Fertigkeiten` (`Fertigkeiten`) VALUES ('Wissen (Religion)');
INSERT INTO `mydb`.`Fertigkeiten` (`Fertigkeiten`) VALUES ('Zauberkunde');

COMMIT;


-- -----------------------------------------------------
-- Data for table `mydb`.`Klassen_Fertigkeiten`
-- -----------------------------------------------------
START TRANSACTION;
USE `mydb`;
INSERT INTO `mydb`.`Klassen_Fertigkeiten` (`Klassen_idKlassen`, `Fertigkeiten_idFertigkeiten`) VALUES ('Barbar', 'Akrobatik');
INSERT INTO `mydb`.`Klassen_Fertigkeiten` (`Klassen_idKlassen`, `Fertigkeiten_idFertigkeiten`) VALUES ('Barbar', 'Einschüchtern');
INSERT INTO `mydb`.`Klassen_Fertigkeiten` (`Klassen_idKlassen`, `Fertigkeiten_idFertigkeiten`) VALUES ('Barbar', 'Handwerk');
INSERT INTO `mydb`.`Klassen_Fertigkeiten` (`Klassen_idKlassen`, `Fertigkeiten_idFertigkeiten`) VALUES ('Barbar', 'Klettern');
INSERT INTO `mydb`.`Klassen_Fertigkeiten` (`Klassen_idKlassen`, `Fertigkeiten_idFertigkeiten`) VALUES ('Barbar', 'Mit Tieren umgehen');
INSERT INTO `mydb`.`Klassen_Fertigkeiten` (`Klassen_idKlassen`, `Fertigkeiten_idFertigkeiten`) VALUES ('Barbar', 'Reiten');
INSERT INTO `mydb`.`Klassen_Fertigkeiten` (`Klassen_idKlassen`, `Fertigkeiten_idFertigkeiten`) VALUES ('Barbar', 'Schwimmen');
INSERT INTO `mydb`.`Klassen_Fertigkeiten` (`Klassen_idKlassen`, `Fertigkeiten_idFertigkeiten`) VALUES ('Barbar', 'Überlebenskunst');
INSERT INTO `mydb`.`Klassen_Fertigkeiten` (`Klassen_idKlassen`, `Fertigkeiten_idFertigkeiten`) VALUES ('Barbar', 'Wahrnehmung');
INSERT INTO `mydb`.`Klassen_Fertigkeiten` (`Klassen_idKlassen`, `Fertigkeiten_idFertigkeiten`) VALUES ('Barbar', 'Wissen (Natur)');
INSERT INTO `mydb`.`Klassen_Fertigkeiten` (`Klassen_idKlassen`, `Fertigkeiten_idFertigkeiten`) VALUES ('Barde', 'Akrobatik');
INSERT INTO `mydb`.`Klassen_Fertigkeiten` (`Klassen_idKlassen`, `Fertigkeiten_idFertigkeiten`) VALUES ('Barde', 'Auftreten');
INSERT INTO `mydb`.`Klassen_Fertigkeiten` (`Klassen_idKlassen`, `Fertigkeiten_idFertigkeiten`) VALUES ('Barde', 'Beruf');
INSERT INTO `mydb`.`Klassen_Fertigkeiten` (`Klassen_idKlassen`, `Fertigkeiten_idFertigkeiten`) VALUES ('Barde', 'Bluffen');
INSERT INTO `mydb`.`Klassen_Fertigkeiten` (`Klassen_idKlassen`, `Fertigkeiten_idFertigkeiten`) VALUES ('Barde', 'Diplomatie');
INSERT INTO `mydb`.`Klassen_Fertigkeiten` (`Klassen_idKlassen`, `Fertigkeiten_idFertigkeiten`) VALUES ('Barde', 'Einschüchtern');
INSERT INTO `mydb`.`Klassen_Fertigkeiten` (`Klassen_idKlassen`, `Fertigkeiten_idFertigkeiten`) VALUES ('Barde', 'Entfesselungskunst');
INSERT INTO `mydb`.`Klassen_Fertigkeiten` (`Klassen_idKlassen`, `Fertigkeiten_idFertigkeiten`) VALUES ('Barde', 'Fingerfertigkeit');
INSERT INTO `mydb`.`Klassen_Fertigkeiten` (`Klassen_idKlassen`, `Fertigkeiten_idFertigkeiten`) VALUES ('Barde', 'Handwerk');
INSERT INTO `mydb`.`Klassen_Fertigkeiten` (`Klassen_idKlassen`, `Fertigkeiten_idFertigkeiten`) VALUES ('Barde', 'Heimlichkeit');
INSERT INTO `mydb`.`Klassen_Fertigkeiten` (`Klassen_idKlassen`, `Fertigkeiten_idFertigkeiten`) VALUES ('Barde', 'Klettern');
INSERT INTO `mydb`.`Klassen_Fertigkeiten` (`Klassen_idKlassen`, `Fertigkeiten_idFertigkeiten`) VALUES ('Barde', 'Magischen Gegenstand benutzen');
INSERT INTO `mydb`.`Klassen_Fertigkeiten` (`Klassen_idKlassen`, `Fertigkeiten_idFertigkeiten`) VALUES ('Barde', 'Motiv erkennen');
INSERT INTO `mydb`.`Klassen_Fertigkeiten` (`Klassen_idKlassen`, `Fertigkeiten_idFertigkeiten`) VALUES ('Barde', 'Schätzen');
INSERT INTO `mydb`.`Klassen_Fertigkeiten` (`Klassen_idKlassen`, `Fertigkeiten_idFertigkeiten`) VALUES ('Barde', 'Sprachenkunde');
INSERT INTO `mydb`.`Klassen_Fertigkeiten` (`Klassen_idKlassen`, `Fertigkeiten_idFertigkeiten`) VALUES ('Barde', 'Verkleiden');
INSERT INTO `mydb`.`Klassen_Fertigkeiten` (`Klassen_idKlassen`, `Fertigkeiten_idFertigkeiten`) VALUES ('Barde', 'Wahrnehmung');
INSERT INTO `mydb`.`Klassen_Fertigkeiten` (`Klassen_idKlassen`, `Fertigkeiten_idFertigkeiten`) VALUES ('Barde', 'Wissen (Adel)');
INSERT INTO `mydb`.`Klassen_Fertigkeiten` (`Klassen_idKlassen`, `Fertigkeiten_idFertigkeiten`) VALUES ('Barde', 'Wissen (Arkanes)');
INSERT INTO `mydb`.`Klassen_Fertigkeiten` (`Klassen_idKlassen`, `Fertigkeiten_idFertigkeiten`) VALUES ('Barde', 'Wissen (Baukunst)');
INSERT INTO `mydb`.`Klassen_Fertigkeiten` (`Klassen_idKlassen`, `Fertigkeiten_idFertigkeiten`) VALUES ('Barde', 'Wissen (Die Ebenen)');
INSERT INTO `mydb`.`Klassen_Fertigkeiten` (`Klassen_idKlassen`, `Fertigkeiten_idFertigkeiten`) VALUES ('Barde', 'Wissen (Geographie)');
INSERT INTO `mydb`.`Klassen_Fertigkeiten` (`Klassen_idKlassen`, `Fertigkeiten_idFertigkeiten`) VALUES ('Barde', 'Wissen (Geschichte)');
INSERT INTO `mydb`.`Klassen_Fertigkeiten` (`Klassen_idKlassen`, `Fertigkeiten_idFertigkeiten`) VALUES ('Barde', 'Wissen (Gewölbekunde)');
INSERT INTO `mydb`.`Klassen_Fertigkeiten` (`Klassen_idKlassen`, `Fertigkeiten_idFertigkeiten`) VALUES ('Barde', 'Wissen (Lokales)');
INSERT INTO `mydb`.`Klassen_Fertigkeiten` (`Klassen_idKlassen`, `Fertigkeiten_idFertigkeiten`) VALUES ('Barde', 'Wissen (Natur)');
INSERT INTO `mydb`.`Klassen_Fertigkeiten` (`Klassen_idKlassen`, `Fertigkeiten_idFertigkeiten`) VALUES ('Barde', 'Wissen (Religion)');
INSERT INTO `mydb`.`Klassen_Fertigkeiten` (`Klassen_idKlassen`, `Fertigkeiten_idFertigkeiten`) VALUES ('Barde', 'Zauberkunde');
INSERT INTO `mydb`.`Klassen_Fertigkeiten` (`Klassen_idKlassen`, `Fertigkeiten_idFertigkeiten`) VALUES ('Druide', 'Beruf');
INSERT INTO `mydb`.`Klassen_Fertigkeiten` (`Klassen_idKlassen`, `Fertigkeiten_idFertigkeiten`) VALUES ('Druide', 'Fliegen');
INSERT INTO `mydb`.`Klassen_Fertigkeiten` (`Klassen_idKlassen`, `Fertigkeiten_idFertigkeiten`) VALUES ('Druide', 'Handwerk');
INSERT INTO `mydb`.`Klassen_Fertigkeiten` (`Klassen_idKlassen`, `Fertigkeiten_idFertigkeiten`) VALUES ('Druide', 'Heilkunde');
INSERT INTO `mydb`.`Klassen_Fertigkeiten` (`Klassen_idKlassen`, `Fertigkeiten_idFertigkeiten`) VALUES ('Druide', 'Klettern');
INSERT INTO `mydb`.`Klassen_Fertigkeiten` (`Klassen_idKlassen`, `Fertigkeiten_idFertigkeiten`) VALUES ('Druide', 'Mit Tieren umgehen');
INSERT INTO `mydb`.`Klassen_Fertigkeiten` (`Klassen_idKlassen`, `Fertigkeiten_idFertigkeiten`) VALUES ('Druide', 'Reiten');
INSERT INTO `mydb`.`Klassen_Fertigkeiten` (`Klassen_idKlassen`, `Fertigkeiten_idFertigkeiten`) VALUES ('Druide', 'Schwimmen');
INSERT INTO `mydb`.`Klassen_Fertigkeiten` (`Klassen_idKlassen`, `Fertigkeiten_idFertigkeiten`) VALUES ('Druide', 'Wahrnehmung');
INSERT INTO `mydb`.`Klassen_Fertigkeiten` (`Klassen_idKlassen`, `Fertigkeiten_idFertigkeiten`) VALUES ('Druide', 'Wissen (Geographie)');
INSERT INTO `mydb`.`Klassen_Fertigkeiten` (`Klassen_idKlassen`, `Fertigkeiten_idFertigkeiten`) VALUES ('Druide', 'Wissen (Natur)');
INSERT INTO `mydb`.`Klassen_Fertigkeiten` (`Klassen_idKlassen`, `Fertigkeiten_idFertigkeiten`) VALUES ('Druide', 'Überlebenskunst');
INSERT INTO `mydb`.`Klassen_Fertigkeiten` (`Klassen_idKlassen`, `Fertigkeiten_idFertigkeiten`) VALUES ('Druide', 'Zauberkunde');
INSERT INTO `mydb`.`Klassen_Fertigkeiten` (`Klassen_idKlassen`, `Fertigkeiten_idFertigkeiten`) VALUES ('Hexenmeister', 'Beruf');
INSERT INTO `mydb`.`Klassen_Fertigkeiten` (`Klassen_idKlassen`, `Fertigkeiten_idFertigkeiten`) VALUES ('Hexenmeister', 'Bluffen');
INSERT INTO `mydb`.`Klassen_Fertigkeiten` (`Klassen_idKlassen`, `Fertigkeiten_idFertigkeiten`) VALUES ('Hexenmeister', 'Einschüchtern');
INSERT INTO `mydb`.`Klassen_Fertigkeiten` (`Klassen_idKlassen`, `Fertigkeiten_idFertigkeiten`) VALUES ('Hexenmeister', 'Fliegen');
INSERT INTO `mydb`.`Klassen_Fertigkeiten` (`Klassen_idKlassen`, `Fertigkeiten_idFertigkeiten`) VALUES ('Hexenmeister', 'Handwerk');
INSERT INTO `mydb`.`Klassen_Fertigkeiten` (`Klassen_idKlassen`, `Fertigkeiten_idFertigkeiten`) VALUES ('Hexenmeister', 'Magischen Gegenstand benutzen');
INSERT INTO `mydb`.`Klassen_Fertigkeiten` (`Klassen_idKlassen`, `Fertigkeiten_idFertigkeiten`) VALUES ('Hexenmeister', 'Schätzen');
INSERT INTO `mydb`.`Klassen_Fertigkeiten` (`Klassen_idKlassen`, `Fertigkeiten_idFertigkeiten`) VALUES ('Hexenmeister', 'Wissen (Arkanes)');
INSERT INTO `mydb`.`Klassen_Fertigkeiten` (`Klassen_idKlassen`, `Fertigkeiten_idFertigkeiten`) VALUES ('Hexenmeister', 'Zauberkunde');
INSERT INTO `mydb`.`Klassen_Fertigkeiten` (`Klassen_idKlassen`, `Fertigkeiten_idFertigkeiten`) VALUES ('Kämpfer', 'Beruf');
INSERT INTO `mydb`.`Klassen_Fertigkeiten` (`Klassen_idKlassen`, `Fertigkeiten_idFertigkeiten`) VALUES ('Kämpfer', 'Einschüchtern');
INSERT INTO `mydb`.`Klassen_Fertigkeiten` (`Klassen_idKlassen`, `Fertigkeiten_idFertigkeiten`) VALUES ('Kämpfer', 'Handwerk');
INSERT INTO `mydb`.`Klassen_Fertigkeiten` (`Klassen_idKlassen`, `Fertigkeiten_idFertigkeiten`) VALUES ('Kämpfer', 'Klettern');
INSERT INTO `mydb`.`Klassen_Fertigkeiten` (`Klassen_idKlassen`, `Fertigkeiten_idFertigkeiten`) VALUES ('Kämpfer', 'Mit Tieren umgehen');
INSERT INTO `mydb`.`Klassen_Fertigkeiten` (`Klassen_idKlassen`, `Fertigkeiten_idFertigkeiten`) VALUES ('Kämpfer', 'Reiten');
INSERT INTO `mydb`.`Klassen_Fertigkeiten` (`Klassen_idKlassen`, `Fertigkeiten_idFertigkeiten`) VALUES ('Kämpfer', 'Schwimmen');
INSERT INTO `mydb`.`Klassen_Fertigkeiten` (`Klassen_idKlassen`, `Fertigkeiten_idFertigkeiten`) VALUES ('Kämpfer', 'Überlebenskunst');
INSERT INTO `mydb`.`Klassen_Fertigkeiten` (`Klassen_idKlassen`, `Fertigkeiten_idFertigkeiten`) VALUES ('Kämpfer', 'Wissen (Baukunst)');
INSERT INTO `mydb`.`Klassen_Fertigkeiten` (`Klassen_idKlassen`, `Fertigkeiten_idFertigkeiten`) VALUES ('Kämpfer', 'Wissen (Gewölbekunde)');
INSERT INTO `mydb`.`Klassen_Fertigkeiten` (`Klassen_idKlassen`, `Fertigkeiten_idFertigkeiten`) VALUES ('Kleriker', 'Beruf');
INSERT INTO `mydb`.`Klassen_Fertigkeiten` (`Klassen_idKlassen`, `Fertigkeiten_idFertigkeiten`) VALUES ('Kleriker', 'Diplomatie');
INSERT INTO `mydb`.`Klassen_Fertigkeiten` (`Klassen_idKlassen`, `Fertigkeiten_idFertigkeiten`) VALUES ('Kleriker', 'Handwerk');
INSERT INTO `mydb`.`Klassen_Fertigkeiten` (`Klassen_idKlassen`, `Fertigkeiten_idFertigkeiten`) VALUES ('Kleriker', 'Heilkunde');
INSERT INTO `mydb`.`Klassen_Fertigkeiten` (`Klassen_idKlassen`, `Fertigkeiten_idFertigkeiten`) VALUES ('Kleriker', 'Motiv erkennen');
INSERT INTO `mydb`.`Klassen_Fertigkeiten` (`Klassen_idKlassen`, `Fertigkeiten_idFertigkeiten`) VALUES ('Kleriker', 'Schätzen');
INSERT INTO `mydb`.`Klassen_Fertigkeiten` (`Klassen_idKlassen`, `Fertigkeiten_idFertigkeiten`) VALUES ('Kleriker', 'Sprachenkunde');
INSERT INTO `mydb`.`Klassen_Fertigkeiten` (`Klassen_idKlassen`, `Fertigkeiten_idFertigkeiten`) VALUES ('Kleriker', 'Wissen (Adel)');
INSERT INTO `mydb`.`Klassen_Fertigkeiten` (`Klassen_idKlassen`, `Fertigkeiten_idFertigkeiten`) VALUES ('Kleriker', 'Wissen (Geschichte)');
INSERT INTO `mydb`.`Klassen_Fertigkeiten` (`Klassen_idKlassen`, `Fertigkeiten_idFertigkeiten`) VALUES ('Kleriker', 'Wissen (Die Ebenen)');
INSERT INTO `mydb`.`Klassen_Fertigkeiten` (`Klassen_idKlassen`, `Fertigkeiten_idFertigkeiten`) VALUES ('Kleriker', 'Wissen (Religion)');
INSERT INTO `mydb`.`Klassen_Fertigkeiten` (`Klassen_idKlassen`, `Fertigkeiten_idFertigkeiten`) VALUES ('Kleriker', 'Zauberkunde');
INSERT INTO `mydb`.`Klassen_Fertigkeiten` (`Klassen_idKlassen`, `Fertigkeiten_idFertigkeiten`) VALUES ('Magier', 'Beruf');
INSERT INTO `mydb`.`Klassen_Fertigkeiten` (`Klassen_idKlassen`, `Fertigkeiten_idFertigkeiten`) VALUES ('Magier', 'Fliegen');
INSERT INTO `mydb`.`Klassen_Fertigkeiten` (`Klassen_idKlassen`, `Fertigkeiten_idFertigkeiten`) VALUES ('Magier', 'Handwerk');
INSERT INTO `mydb`.`Klassen_Fertigkeiten` (`Klassen_idKlassen`, `Fertigkeiten_idFertigkeiten`) VALUES ('Magier', 'Schätzen');
INSERT INTO `mydb`.`Klassen_Fertigkeiten` (`Klassen_idKlassen`, `Fertigkeiten_idFertigkeiten`) VALUES ('Magier', 'Sprachenkunde');
INSERT INTO `mydb`.`Klassen_Fertigkeiten` (`Klassen_idKlassen`, `Fertigkeiten_idFertigkeiten`) VALUES ('Magier', 'Wissen (Adel)');
INSERT INTO `mydb`.`Klassen_Fertigkeiten` (`Klassen_idKlassen`, `Fertigkeiten_idFertigkeiten`) VALUES ('Magier', 'Wissen (Arkanes)');
INSERT INTO `mydb`.`Klassen_Fertigkeiten` (`Klassen_idKlassen`, `Fertigkeiten_idFertigkeiten`) VALUES ('Magier', 'Wissen (Baukunst)');
INSERT INTO `mydb`.`Klassen_Fertigkeiten` (`Klassen_idKlassen`, `Fertigkeiten_idFertigkeiten`) VALUES ('Magier', 'Wissen (Die Ebenen)');
INSERT INTO `mydb`.`Klassen_Fertigkeiten` (`Klassen_idKlassen`, `Fertigkeiten_idFertigkeiten`) VALUES ('Magier', 'Wissen (Geographie)');
INSERT INTO `mydb`.`Klassen_Fertigkeiten` (`Klassen_idKlassen`, `Fertigkeiten_idFertigkeiten`) VALUES ('Magier', 'Wissen (Geschichte)');
INSERT INTO `mydb`.`Klassen_Fertigkeiten` (`Klassen_idKlassen`, `Fertigkeiten_idFertigkeiten`) VALUES ('Magier', 'Wissen (Gewölbekunde)');
INSERT INTO `mydb`.`Klassen_Fertigkeiten` (`Klassen_idKlassen`, `Fertigkeiten_idFertigkeiten`) VALUES ('Magier', 'Wissen (Lokales)');
INSERT INTO `mydb`.`Klassen_Fertigkeiten` (`Klassen_idKlassen`, `Fertigkeiten_idFertigkeiten`) VALUES ('Magier', 'Wissen (Natur)');
INSERT INTO `mydb`.`Klassen_Fertigkeiten` (`Klassen_idKlassen`, `Fertigkeiten_idFertigkeiten`) VALUES ('Magier', 'Wissen (Religion)');
INSERT INTO `mydb`.`Klassen_Fertigkeiten` (`Klassen_idKlassen`, `Fertigkeiten_idFertigkeiten`) VALUES ('Magier', 'Zauberkunde');
INSERT INTO `mydb`.`Klassen_Fertigkeiten` (`Klassen_idKlassen`, `Fertigkeiten_idFertigkeiten`) VALUES ('Mönch', 'Akrobatik');
INSERT INTO `mydb`.`Klassen_Fertigkeiten` (`Klassen_idKlassen`, `Fertigkeiten_idFertigkeiten`) VALUES ('Mönch', 'Auftreten');
INSERT INTO `mydb`.`Klassen_Fertigkeiten` (`Klassen_idKlassen`, `Fertigkeiten_idFertigkeiten`) VALUES ('Mönch', 'Beruf');
INSERT INTO `mydb`.`Klassen_Fertigkeiten` (`Klassen_idKlassen`, `Fertigkeiten_idFertigkeiten`) VALUES ('Mönch', 'Einschüchtern');
INSERT INTO `mydb`.`Klassen_Fertigkeiten` (`Klassen_idKlassen`, `Fertigkeiten_idFertigkeiten`) VALUES ('Mönch', 'Entfesselungskunst');
INSERT INTO `mydb`.`Klassen_Fertigkeiten` (`Klassen_idKlassen`, `Fertigkeiten_idFertigkeiten`) VALUES ('Mönch', 'Handwerk');
INSERT INTO `mydb`.`Klassen_Fertigkeiten` (`Klassen_idKlassen`, `Fertigkeiten_idFertigkeiten`) VALUES ('Mönch', 'Heimlichkeit');
INSERT INTO `mydb`.`Klassen_Fertigkeiten` (`Klassen_idKlassen`, `Fertigkeiten_idFertigkeiten`) VALUES ('Mönch', 'Klettern');
INSERT INTO `mydb`.`Klassen_Fertigkeiten` (`Klassen_idKlassen`, `Fertigkeiten_idFertigkeiten`) VALUES ('Mönch', 'Motiv erkennen');
INSERT INTO `mydb`.`Klassen_Fertigkeiten` (`Klassen_idKlassen`, `Fertigkeiten_idFertigkeiten`) VALUES ('Mönch', 'Reiten');
INSERT INTO `mydb`.`Klassen_Fertigkeiten` (`Klassen_idKlassen`, `Fertigkeiten_idFertigkeiten`) VALUES ('Mönch', 'Schwimmen');
INSERT INTO `mydb`.`Klassen_Fertigkeiten` (`Klassen_idKlassen`, `Fertigkeiten_idFertigkeiten`) VALUES ('Mönch', 'Wahrnehmung');
INSERT INTO `mydb`.`Klassen_Fertigkeiten` (`Klassen_idKlassen`, `Fertigkeiten_idFertigkeiten`) VALUES ('Mönch', 'Wissen (Geschichte)');
INSERT INTO `mydb`.`Klassen_Fertigkeiten` (`Klassen_idKlassen`, `Fertigkeiten_idFertigkeiten`) VALUES ('Mönch', 'Wissen (Religion)');
INSERT INTO `mydb`.`Klassen_Fertigkeiten` (`Klassen_idKlassen`, `Fertigkeiten_idFertigkeiten`) VALUES ('Paladin', 'Beruf');
INSERT INTO `mydb`.`Klassen_Fertigkeiten` (`Klassen_idKlassen`, `Fertigkeiten_idFertigkeiten`) VALUES ('Paladin', 'Diplomatie');
INSERT INTO `mydb`.`Klassen_Fertigkeiten` (`Klassen_idKlassen`, `Fertigkeiten_idFertigkeiten`) VALUES ('Paladin', 'Handwerk');
INSERT INTO `mydb`.`Klassen_Fertigkeiten` (`Klassen_idKlassen`, `Fertigkeiten_idFertigkeiten`) VALUES ('Paladin', 'Heilkunde');
INSERT INTO `mydb`.`Klassen_Fertigkeiten` (`Klassen_idKlassen`, `Fertigkeiten_idFertigkeiten`) VALUES ('Paladin', 'Mit Tieren umgehen');
INSERT INTO `mydb`.`Klassen_Fertigkeiten` (`Klassen_idKlassen`, `Fertigkeiten_idFertigkeiten`) VALUES ('Paladin', 'Motiv erkennen');
INSERT INTO `mydb`.`Klassen_Fertigkeiten` (`Klassen_idKlassen`, `Fertigkeiten_idFertigkeiten`) VALUES ('Paladin', 'Reiten');
INSERT INTO `mydb`.`Klassen_Fertigkeiten` (`Klassen_idKlassen`, `Fertigkeiten_idFertigkeiten`) VALUES ('Paladin', 'Wissen (Adel)');
INSERT INTO `mydb`.`Klassen_Fertigkeiten` (`Klassen_idKlassen`, `Fertigkeiten_idFertigkeiten`) VALUES ('Paladin', 'Wissen (Religion)');
INSERT INTO `mydb`.`Klassen_Fertigkeiten` (`Klassen_idKlassen`, `Fertigkeiten_idFertigkeiten`) VALUES ('Paladin', 'Zauberkunde');
INSERT INTO `mydb`.`Klassen_Fertigkeiten` (`Klassen_idKlassen`, `Fertigkeiten_idFertigkeiten`) VALUES ('Schurke', 'Akrobatik');
INSERT INTO `mydb`.`Klassen_Fertigkeiten` (`Klassen_idKlassen`, `Fertigkeiten_idFertigkeiten`) VALUES ('Schurke', 'Auftreten');
INSERT INTO `mydb`.`Klassen_Fertigkeiten` (`Klassen_idKlassen`, `Fertigkeiten_idFertigkeiten`) VALUES ('Schurke', 'Beruf');
INSERT INTO `mydb`.`Klassen_Fertigkeiten` (`Klassen_idKlassen`, `Fertigkeiten_idFertigkeiten`) VALUES ('Schurke', 'Bluffen');
INSERT INTO `mydb`.`Klassen_Fertigkeiten` (`Klassen_idKlassen`, `Fertigkeiten_idFertigkeiten`) VALUES ('Schurke', 'Diplomatie');
INSERT INTO `mydb`.`Klassen_Fertigkeiten` (`Klassen_idKlassen`, `Fertigkeiten_idFertigkeiten`) VALUES ('Schurke', 'Einschüchtern');
INSERT INTO `mydb`.`Klassen_Fertigkeiten` (`Klassen_idKlassen`, `Fertigkeiten_idFertigkeiten`) VALUES ('Schurke', 'Entfesselungskunst');
INSERT INTO `mydb`.`Klassen_Fertigkeiten` (`Klassen_idKlassen`, `Fertigkeiten_idFertigkeiten`) VALUES ('Schurke', 'Fingerfertigkeit');
INSERT INTO `mydb`.`Klassen_Fertigkeiten` (`Klassen_idKlassen`, `Fertigkeiten_idFertigkeiten`) VALUES ('Schurke', 'Handwerk');
INSERT INTO `mydb`.`Klassen_Fertigkeiten` (`Klassen_idKlassen`, `Fertigkeiten_idFertigkeiten`) VALUES ('Schurke', 'Heimlichkeit');
INSERT INTO `mydb`.`Klassen_Fertigkeiten` (`Klassen_idKlassen`, `Fertigkeiten_idFertigkeiten`) VALUES ('Schurke', 'Klettern');
INSERT INTO `mydb`.`Klassen_Fertigkeiten` (`Klassen_idKlassen`, `Fertigkeiten_idFertigkeiten`) VALUES ('Schurke', 'Magischen Gegenstand benutzen');
INSERT INTO `mydb`.`Klassen_Fertigkeiten` (`Klassen_idKlassen`, `Fertigkeiten_idFertigkeiten`) VALUES ('Schurke', 'Mechanismus ausschalten');
INSERT INTO `mydb`.`Klassen_Fertigkeiten` (`Klassen_idKlassen`, `Fertigkeiten_idFertigkeiten`) VALUES ('Schurke', 'Motiv erkennen');
INSERT INTO `mydb`.`Klassen_Fertigkeiten` (`Klassen_idKlassen`, `Fertigkeiten_idFertigkeiten`) VALUES ('Schurke', 'Schätzen');
INSERT INTO `mydb`.`Klassen_Fertigkeiten` (`Klassen_idKlassen`, `Fertigkeiten_idFertigkeiten`) VALUES ('Schurke', 'Schwimmen');
INSERT INTO `mydb`.`Klassen_Fertigkeiten` (`Klassen_idKlassen`, `Fertigkeiten_idFertigkeiten`) VALUES ('Schurke', 'Sprachenkunde');
INSERT INTO `mydb`.`Klassen_Fertigkeiten` (`Klassen_idKlassen`, `Fertigkeiten_idFertigkeiten`) VALUES ('Schurke', 'Verkleiden');
INSERT INTO `mydb`.`Klassen_Fertigkeiten` (`Klassen_idKlassen`, `Fertigkeiten_idFertigkeiten`) VALUES ('Schurke', 'Wahrnehmung');
INSERT INTO `mydb`.`Klassen_Fertigkeiten` (`Klassen_idKlassen`, `Fertigkeiten_idFertigkeiten`) VALUES ('Schurke', 'Wissen (Gewölbekunde)');
INSERT INTO `mydb`.`Klassen_Fertigkeiten` (`Klassen_idKlassen`, `Fertigkeiten_idFertigkeiten`) VALUES ('Schurke', 'Wissen (Lokales)');
INSERT INTO `mydb`.`Klassen_Fertigkeiten` (`Klassen_idKlassen`, `Fertigkeiten_idFertigkeiten`) VALUES ('Waldläufer', 'Beruf');
INSERT INTO `mydb`.`Klassen_Fertigkeiten` (`Klassen_idKlassen`, `Fertigkeiten_idFertigkeiten`) VALUES ('Waldläufer', 'Einschüchtern');
INSERT INTO `mydb`.`Klassen_Fertigkeiten` (`Klassen_idKlassen`, `Fertigkeiten_idFertigkeiten`) VALUES ('Waldläufer', 'Handwerk');
INSERT INTO `mydb`.`Klassen_Fertigkeiten` (`Klassen_idKlassen`, `Fertigkeiten_idFertigkeiten`) VALUES ('Waldläufer', 'Heilkunde');
INSERT INTO `mydb`.`Klassen_Fertigkeiten` (`Klassen_idKlassen`, `Fertigkeiten_idFertigkeiten`) VALUES ('Waldläufer', 'Heimlichkeit');
INSERT INTO `mydb`.`Klassen_Fertigkeiten` (`Klassen_idKlassen`, `Fertigkeiten_idFertigkeiten`) VALUES ('Waldläufer', 'Klettern');
INSERT INTO `mydb`.`Klassen_Fertigkeiten` (`Klassen_idKlassen`, `Fertigkeiten_idFertigkeiten`) VALUES ('Waldläufer', 'Mit Tieren umgehen');
INSERT INTO `mydb`.`Klassen_Fertigkeiten` (`Klassen_idKlassen`, `Fertigkeiten_idFertigkeiten`) VALUES ('Waldläufer', 'Reiten');
INSERT INTO `mydb`.`Klassen_Fertigkeiten` (`Klassen_idKlassen`, `Fertigkeiten_idFertigkeiten`) VALUES ('Waldläufer', 'Schwimmen');
INSERT INTO `mydb`.`Klassen_Fertigkeiten` (`Klassen_idKlassen`, `Fertigkeiten_idFertigkeiten`) VALUES ('Waldläufer', 'Überlebenskunst');
INSERT INTO `mydb`.`Klassen_Fertigkeiten` (`Klassen_idKlassen`, `Fertigkeiten_idFertigkeiten`) VALUES ('Waldläufer', 'Wahrnehmung');
INSERT INTO `mydb`.`Klassen_Fertigkeiten` (`Klassen_idKlassen`, `Fertigkeiten_idFertigkeiten`) VALUES ('Waldläufer', 'Wissen (Geographie)');
INSERT INTO `mydb`.`Klassen_Fertigkeiten` (`Klassen_idKlassen`, `Fertigkeiten_idFertigkeiten`) VALUES ('Waldläufer', 'Wissen (Gewölbekunde)');
INSERT INTO `mydb`.`Klassen_Fertigkeiten` (`Klassen_idKlassen`, `Fertigkeiten_idFertigkeiten`) VALUES ('Waldläufer', 'Wissen (Natur)');
INSERT INTO `mydb`.`Klassen_Fertigkeiten` (`Klassen_idKlassen`, `Fertigkeiten_idFertigkeiten`) VALUES ('Waldläufer', 'Zauberkunde');

COMMIT;


-- -----------------------------------------------------
-- Data for table `mydb`.`Größe und Gewicht`
-- -----------------------------------------------------
START TRANSACTION;
USE `mydb`;
INSERT INTO `mydb`.`Größe und Gewicht` (`idGröße und Gewicht`, `Geschlecht`, `Grundgröße`, `Grundgewicht`, `Modifikator`, `Gewichtsmultiplikator`, `Rassen_idRasse`) VALUES (1, 'Männlich', 147, 120, '+2W10', '5', 'Menschen');
INSERT INTO `mydb`.`Größe und Gewicht` (`idGröße und Gewicht`, `Geschlecht`, `Grundgröße`, `Grundgewicht`, `Modifikator`, `Gewichtsmultiplikator`, `Rassen_idRasse`) VALUES (2, 'Weiblich', 135, 85, '+2W10', '5', 'Menschen');
INSERT INTO `mydb`.`Größe und Gewicht` (`idGröße und Gewicht`, `Geschlecht`, `Grundgröße`, `Grundgewicht`, `Modifikator`, `Gewichtsmultiplikator`, `Rassen_idRasse`) VALUES (3, 'Männlich', 158, 100, '+2W8', '3', 'Elfen');
INSERT INTO `mydb`.`Größe und Gewicht` (`idGröße und Gewicht`, `Geschlecht`, `Grundgröße`, `Grundgewicht`, `Modifikator`, `Gewichtsmultiplikator`, `Rassen_idRasse`) VALUES (4, 'Weiblich', 158, 90, '+2W6', '3', 'Elfen');
INSERT INTO `mydb`.`Größe und Gewicht` (`idGröße und Gewicht`, `Geschlecht`, `Grundgröße`, `Grundgewicht`, `Modifikator`, `Gewichtsmultiplikator`, `Rassen_idRasse`) VALUES (5, 'Männlich', 91, 35, '+2W4', '1', 'Gnome');
INSERT INTO `mydb`.`Größe und Gewicht` (`idGröße und Gewicht`, `Geschlecht`, `Grundgröße`, `Grundgewicht`, `Modifikator`, `Gewichtsmultiplikator`, `Rassen_idRasse`) VALUES (6, 'Weiblich', 86, 30, '+2W4', '1', 'Gnome');
INSERT INTO `mydb`.`Größe und Gewicht` (`idGröße und Gewicht`, `Geschlecht`, `Grundgröße`, `Grundgewicht`, `Modifikator`, `Gewichtsmultiplikator`, `Rassen_idRasse`) VALUES (7, 'Männlich', 152, 110, '+2W8', '5', 'Halb-Elfen');
INSERT INTO `mydb`.`Größe und Gewicht` (`idGröße und Gewicht`, `Geschlecht`, `Grundgröße`, `Grundgewicht`, `Modifikator`, `Gewichtsmultiplikator`, `Rassen_idRasse`) VALUES (8, 'Weiblich', 147, 90, '+2W8', '5', 'Halb-Elfen');
INSERT INTO `mydb`.`Größe und Gewicht` (`idGröße und Gewicht`, `Geschlecht`, `Grundgröße`, `Grundgewicht`, `Modifikator`, `Gewichtsmultiplikator`, `Rassen_idRasse`) VALUES (9, 'Männlich', 81, 30, '+2W4', '1', 'Halblinge');
INSERT INTO `mydb`.`Größe und Gewicht` (`idGröße und Gewicht`, `Geschlecht`, `Grundgröße`, `Grundgewicht`, `Modifikator`, `Gewichtsmultiplikator`, `Rassen_idRasse`) VALUES (10, 'Weiblich', 76, 25, '+2W4', '1', 'Halblinge');
INSERT INTO `mydb`.`Größe und Gewicht` (`idGröße und Gewicht`, `Geschlecht`, `Grundgröße`, `Grundgewicht`, `Modifikator`, `Gewichtsmultiplikator`, `Rassen_idRasse`) VALUES (11, 'Männlich', 147, 150, '+2W12', '7', 'Halb-Orks');
INSERT INTO `mydb`.`Größe und Gewicht` (`idGröße und Gewicht`, `Geschlecht`, `Grundgröße`, `Grundgewicht`, `Modifikator`, `Gewichtsmultiplikator`, `Rassen_idRasse`) VALUES (12, 'Weiblich', 135, 110, '+2W12', '7', 'Halb-Orks');
INSERT INTO `mydb`.`Größe und Gewicht` (`idGröße und Gewicht`, `Geschlecht`, `Grundgröße`, `Grundgewicht`, `Modifikator`, `Gewichtsmultiplikator`, `Rassen_idRasse`) VALUES (13, 'Männlich', 114, 150, '+2W4', '7', 'Zwerge');
INSERT INTO `mydb`.`Größe und Gewicht` (`idGröße und Gewicht`, `Geschlecht`, `Grundgröße`, `Grundgewicht`, `Modifikator`, `Gewichtsmultiplikator`, `Rassen_idRasse`) VALUES (14, 'Weiblich', 109, 120, '+2W4', '7', 'Zwerge');

COMMIT;


-- -----------------------------------------------------
-- Data for table `mydb`.`Levelabhängige Klasse`
-- -----------------------------------------------------
START TRANSACTION;
USE `mydb`;
INSERT INTO `mydb`.`Levelabhängige Klasse` (`idLevelabhängige Klasse`, `Stufe`, `GAB`, `REF`, `WIL`, `ZÄH`, `Speziell`, `Klassen_idKlassen`, `Zauber pro Tag 0.`, `Zauber pro Tag 1.`, `Zauber pro Tag 2.`, `Zauber pro Tag 3.`, `Zauber pro Tag 4.`, `Zauber pro Tag 5.`, `Zauber pro Tag 6.`, `Zauber pro Tag 7.`, `Zauber pro Tag 8.`, `Zauber pro Tag 9.`, `Schlaghagel Angriffbonus`, `Waffenloser Schaden`, `RK-Bonus`, `Bewegungsbonus`) VALUES (1, 1, '1', 0, 0, 2, 'Schnelle Bewegung, Kampfrausch', 'Barbar', NULL, '0', '0', '0', '0', '0', '0', NULL, NULL, NULL, NULL, NULL, NULL, NULL);
INSERT INTO `mydb`.`Levelabhängige Klasse` (`idLevelabhängige Klasse`, `Stufe`, `GAB`, `REF`, `WIL`, `ZÄH`, `Speziell`, `Klassen_idKlassen`, `Zauber pro Tag 0.`, `Zauber pro Tag 1.`, `Zauber pro Tag 2.`, `Zauber pro Tag 3.`, `Zauber pro Tag 4.`, `Zauber pro Tag 5.`, `Zauber pro Tag 6.`, `Zauber pro Tag 7.`, `Zauber pro Tag 8.`, `Zauber pro Tag 9.`, `Schlaghagel Angriffbonus`, `Waffenloser Schaden`, `RK-Bonus`, `Bewegungsbonus`) VALUES (2, 2, '2', 0, 0, 3, 'Kampfrauschkraft, Reflexbewegung', 'Barbar', NULL, '0', '0', '0', '0', '0', '0', NULL, NULL, NULL, NULL, NULL, NULL, NULL);
INSERT INTO `mydb`.`Levelabhängige Klasse` (`idLevelabhängige Klasse`, `Stufe`, `GAB`, `REF`, `WIL`, `ZÄH`, `Speziell`, `Klassen_idKlassen`, `Zauber pro Tag 0.`, `Zauber pro Tag 1.`, `Zauber pro Tag 2.`, `Zauber pro Tag 3.`, `Zauber pro Tag 4.`, `Zauber pro Tag 5.`, `Zauber pro Tag 6.`, `Zauber pro Tag 7.`, `Zauber pro Tag 8.`, `Zauber pro Tag 9.`, `Schlaghagel Angriffbonus`, `Waffenloser Schaden`, `RK-Bonus`, `Bewegungsbonus`) VALUES (3, 3, '3', 1, 1, 3, 'Fallengespür +1', 'Barbar', NULL, '0', '0', '0', '0', '0', '0', NULL, NULL, NULL, NULL, NULL, NULL, NULL);
INSERT INTO `mydb`.`Levelabhängige Klasse` (`idLevelabhängige Klasse`, `Stufe`, `GAB`, `REF`, `WIL`, `ZÄH`, `Speziell`, `Klassen_idKlassen`, `Zauber pro Tag 0.`, `Zauber pro Tag 1.`, `Zauber pro Tag 2.`, `Zauber pro Tag 3.`, `Zauber pro Tag 4.`, `Zauber pro Tag 5.`, `Zauber pro Tag 6.`, `Zauber pro Tag 7.`, `Zauber pro Tag 8.`, `Zauber pro Tag 9.`, `Schlaghagel Angriffbonus`, `Waffenloser Schaden`, `RK-Bonus`, `Bewegungsbonus`) VALUES (4, 4, '4', 1, 1, 4, 'Kampfrauschkraft', 'Barbar', NULL, '0', '0', '0', '0', '0', '0', NULL, NULL, NULL, NULL, NULL, NULL, NULL);
INSERT INTO `mydb`.`Levelabhängige Klasse` (`idLevelabhängige Klasse`, `Stufe`, `GAB`, `REF`, `WIL`, `ZÄH`, `Speziell`, `Klassen_idKlassen`, `Zauber pro Tag 0.`, `Zauber pro Tag 1.`, `Zauber pro Tag 2.`, `Zauber pro Tag 3.`, `Zauber pro Tag 4.`, `Zauber pro Tag 5.`, `Zauber pro Tag 6.`, `Zauber pro Tag 7.`, `Zauber pro Tag 8.`, `Zauber pro Tag 9.`, `Schlaghagel Angriffbonus`, `Waffenloser Schaden`, `RK-Bonus`, `Bewegungsbonus`) VALUES (5, 5, '5', 1, 1, 4, 'Verbesserte Reflexbewegung', 'Barbar', NULL, '0', '0', '0', '0', '0', '0', NULL, NULL, NULL, NULL, NULL, NULL, NULL);
INSERT INTO `mydb`.`Levelabhängige Klasse` (`idLevelabhängige Klasse`, `Stufe`, `GAB`, `REF`, `WIL`, `ZÄH`, `Speziell`, `Klassen_idKlassen`, `Zauber pro Tag 0.`, `Zauber pro Tag 1.`, `Zauber pro Tag 2.`, `Zauber pro Tag 3.`, `Zauber pro Tag 4.`, `Zauber pro Tag 5.`, `Zauber pro Tag 6.`, `Zauber pro Tag 7.`, `Zauber pro Tag 8.`, `Zauber pro Tag 9.`, `Schlaghagel Angriffbonus`, `Waffenloser Schaden`, `RK-Bonus`, `Bewegungsbonus`) VALUES (6, 6, '6/1', 2, 2, 5, 'Kampfrauschkraft, Fallengespür +2', 'Barbar', NULL, '0', '0', '0', '0', '0', '0', NULL, NULL, NULL, NULL, NULL, NULL, NULL);
INSERT INTO `mydb`.`Levelabhängige Klasse` (`idLevelabhängige Klasse`, `Stufe`, `GAB`, `REF`, `WIL`, `ZÄH`, `Speziell`, `Klassen_idKlassen`, `Zauber pro Tag 0.`, `Zauber pro Tag 1.`, `Zauber pro Tag 2.`, `Zauber pro Tag 3.`, `Zauber pro Tag 4.`, `Zauber pro Tag 5.`, `Zauber pro Tag 6.`, `Zauber pro Tag 7.`, `Zauber pro Tag 8.`, `Zauber pro Tag 9.`, `Schlaghagel Angriffbonus`, `Waffenloser Schaden`, `RK-Bonus`, `Bewegungsbonus`) VALUES (7, 7, '7/2', 2, 2, 5, 'Schadensreduzierung 1/-', 'Barbar', NULL, '0', '0', '0', '0', '0', '0', NULL, NULL, NULL, NULL, NULL, NULL, NULL);
INSERT INTO `mydb`.`Levelabhängige Klasse` (`idLevelabhängige Klasse`, `Stufe`, `GAB`, `REF`, `WIL`, `ZÄH`, `Speziell`, `Klassen_idKlassen`, `Zauber pro Tag 0.`, `Zauber pro Tag 1.`, `Zauber pro Tag 2.`, `Zauber pro Tag 3.`, `Zauber pro Tag 4.`, `Zauber pro Tag 5.`, `Zauber pro Tag 6.`, `Zauber pro Tag 7.`, `Zauber pro Tag 8.`, `Zauber pro Tag 9.`, `Schlaghagel Angriffbonus`, `Waffenloser Schaden`, `RK-Bonus`, `Bewegungsbonus`) VALUES (8, 8, '8/3', 2, 2, 6, 'Kampfrauschkraft', 'Barbar', NULL, '0', '0', '0', '0', '0', '0', NULL, NULL, NULL, NULL, NULL, NULL, NULL);
INSERT INTO `mydb`.`Levelabhängige Klasse` (`idLevelabhängige Klasse`, `Stufe`, `GAB`, `REF`, `WIL`, `ZÄH`, `Speziell`, `Klassen_idKlassen`, `Zauber pro Tag 0.`, `Zauber pro Tag 1.`, `Zauber pro Tag 2.`, `Zauber pro Tag 3.`, `Zauber pro Tag 4.`, `Zauber pro Tag 5.`, `Zauber pro Tag 6.`, `Zauber pro Tag 7.`, `Zauber pro Tag 8.`, `Zauber pro Tag 9.`, `Schlaghagel Angriffbonus`, `Waffenloser Schaden`, `RK-Bonus`, `Bewegungsbonus`) VALUES (9, 9, '9/4', 3, 3, 6, 'Fallengespür +3', 'Barbar', NULL, '0', '0', '0', '0', '0', '0', NULL, NULL, NULL, NULL, NULL, NULL, NULL);
INSERT INTO `mydb`.`Levelabhängige Klasse` (`idLevelabhängige Klasse`, `Stufe`, `GAB`, `REF`, `WIL`, `ZÄH`, `Speziell`, `Klassen_idKlassen`, `Zauber pro Tag 0.`, `Zauber pro Tag 1.`, `Zauber pro Tag 2.`, `Zauber pro Tag 3.`, `Zauber pro Tag 4.`, `Zauber pro Tag 5.`, `Zauber pro Tag 6.`, `Zauber pro Tag 7.`, `Zauber pro Tag 8.`, `Zauber pro Tag 9.`, `Schlaghagel Angriffbonus`, `Waffenloser Schaden`, `RK-Bonus`, `Bewegungsbonus`) VALUES (10, 10, '10/5', 3, 3, 7, 'Schadensreduzierung 2/-, Kampfrauschkraft', 'Barbar', NULL, '0', '0', '0', '0', '0', '0', NULL, NULL, NULL, NULL, NULL, NULL, NULL);
INSERT INTO `mydb`.`Levelabhängige Klasse` (`idLevelabhängige Klasse`, `Stufe`, `GAB`, `REF`, `WIL`, `ZÄH`, `Speziell`, `Klassen_idKlassen`, `Zauber pro Tag 0.`, `Zauber pro Tag 1.`, `Zauber pro Tag 2.`, `Zauber pro Tag 3.`, `Zauber pro Tag 4.`, `Zauber pro Tag 5.`, `Zauber pro Tag 6.`, `Zauber pro Tag 7.`, `Zauber pro Tag 8.`, `Zauber pro Tag 9.`, `Schlaghagel Angriffbonus`, `Waffenloser Schaden`, `RK-Bonus`, `Bewegungsbonus`) VALUES (11, 11, '11/6/1', 3, 3, 7, 'Starker Kampfrausch', 'Barbar', NULL, '0', '0', '0', '0', '0', '0', NULL, NULL, NULL, NULL, NULL, NULL, NULL);
INSERT INTO `mydb`.`Levelabhängige Klasse` (`idLevelabhängige Klasse`, `Stufe`, `GAB`, `REF`, `WIL`, `ZÄH`, `Speziell`, `Klassen_idKlassen`, `Zauber pro Tag 0.`, `Zauber pro Tag 1.`, `Zauber pro Tag 2.`, `Zauber pro Tag 3.`, `Zauber pro Tag 4.`, `Zauber pro Tag 5.`, `Zauber pro Tag 6.`, `Zauber pro Tag 7.`, `Zauber pro Tag 8.`, `Zauber pro Tag 9.`, `Schlaghagel Angriffbonus`, `Waffenloser Schaden`, `RK-Bonus`, `Bewegungsbonus`) VALUES (12, 12, '12/7/2', 4, 4, 8, 'Kampfrauschkraft, Fallengespür +4', 'Barbar', NULL, '0', '0', '0', '0', '0', '0', NULL, NULL, NULL, NULL, NULL, NULL, NULL);
INSERT INTO `mydb`.`Levelabhängige Klasse` (`idLevelabhängige Klasse`, `Stufe`, `GAB`, `REF`, `WIL`, `ZÄH`, `Speziell`, `Klassen_idKlassen`, `Zauber pro Tag 0.`, `Zauber pro Tag 1.`, `Zauber pro Tag 2.`, `Zauber pro Tag 3.`, `Zauber pro Tag 4.`, `Zauber pro Tag 5.`, `Zauber pro Tag 6.`, `Zauber pro Tag 7.`, `Zauber pro Tag 8.`, `Zauber pro Tag 9.`, `Schlaghagel Angriffbonus`, `Waffenloser Schaden`, `RK-Bonus`, `Bewegungsbonus`) VALUES (13, 13, '13/8/3', 4, 4, 8, 'Schadensreduzierung 3/-', 'Barbar', NULL, '0', '0', '0', '0', '0', '0', NULL, NULL, NULL, NULL, NULL, NULL, NULL);
INSERT INTO `mydb`.`Levelabhängige Klasse` (`idLevelabhängige Klasse`, `Stufe`, `GAB`, `REF`, `WIL`, `ZÄH`, `Speziell`, `Klassen_idKlassen`, `Zauber pro Tag 0.`, `Zauber pro Tag 1.`, `Zauber pro Tag 2.`, `Zauber pro Tag 3.`, `Zauber pro Tag 4.`, `Zauber pro Tag 5.`, `Zauber pro Tag 6.`, `Zauber pro Tag 7.`, `Zauber pro Tag 8.`, `Zauber pro Tag 9.`, `Schlaghagel Angriffbonus`, `Waffenloser Schaden`, `RK-Bonus`, `Bewegungsbonus`) VALUES (14, 14, '14/9/4', 4, 4, 9, 'Unbeugsamer Wille, Kampfrauschkraft', 'Barbar', NULL, '0', '0', '0', '0', '0', '0', NULL, NULL, NULL, NULL, NULL, NULL, NULL);
INSERT INTO `mydb`.`Levelabhängige Klasse` (`idLevelabhängige Klasse`, `Stufe`, `GAB`, `REF`, `WIL`, `ZÄH`, `Speziell`, `Klassen_idKlassen`, `Zauber pro Tag 0.`, `Zauber pro Tag 1.`, `Zauber pro Tag 2.`, `Zauber pro Tag 3.`, `Zauber pro Tag 4.`, `Zauber pro Tag 5.`, `Zauber pro Tag 6.`, `Zauber pro Tag 7.`, `Zauber pro Tag 8.`, `Zauber pro Tag 9.`, `Schlaghagel Angriffbonus`, `Waffenloser Schaden`, `RK-Bonus`, `Bewegungsbonus`) VALUES (15, 15, '15/10/5', 5, 5, 9, 'Fallengespür +5', 'Barbar', NULL, '0', '0', '0', '0', '0', '0', NULL, NULL, NULL, NULL, NULL, NULL, NULL);
INSERT INTO `mydb`.`Levelabhängige Klasse` (`idLevelabhängige Klasse`, `Stufe`, `GAB`, `REF`, `WIL`, `ZÄH`, `Speziell`, `Klassen_idKlassen`, `Zauber pro Tag 0.`, `Zauber pro Tag 1.`, `Zauber pro Tag 2.`, `Zauber pro Tag 3.`, `Zauber pro Tag 4.`, `Zauber pro Tag 5.`, `Zauber pro Tag 6.`, `Zauber pro Tag 7.`, `Zauber pro Tag 8.`, `Zauber pro Tag 9.`, `Schlaghagel Angriffbonus`, `Waffenloser Schaden`, `RK-Bonus`, `Bewegungsbonus`) VALUES (16, 16, '16/11/6/1', 5, 5, 10, 'Schadensreduzierung 4/-, Kampfrauschkraft', 'Barbar', NULL, '0', '0', '0', '0', '0', '0', NULL, NULL, NULL, NULL, NULL, NULL, NULL);
INSERT INTO `mydb`.`Levelabhängige Klasse` (`idLevelabhängige Klasse`, `Stufe`, `GAB`, `REF`, `WIL`, `ZÄH`, `Speziell`, `Klassen_idKlassen`, `Zauber pro Tag 0.`, `Zauber pro Tag 1.`, `Zauber pro Tag 2.`, `Zauber pro Tag 3.`, `Zauber pro Tag 4.`, `Zauber pro Tag 5.`, `Zauber pro Tag 6.`, `Zauber pro Tag 7.`, `Zauber pro Tag 8.`, `Zauber pro Tag 9.`, `Schlaghagel Angriffbonus`, `Waffenloser Schaden`, `RK-Bonus`, `Bewegungsbonus`) VALUES (17, 17, '17/12/7/2', 5, 5, 10, 'Unermüdlicher Kampfrausch', 'Barbar', NULL, '0', '0', '0', '0', '0', '0', NULL, NULL, NULL, NULL, NULL, NULL, NULL);
INSERT INTO `mydb`.`Levelabhängige Klasse` (`idLevelabhängige Klasse`, `Stufe`, `GAB`, `REF`, `WIL`, `ZÄH`, `Speziell`, `Klassen_idKlassen`, `Zauber pro Tag 0.`, `Zauber pro Tag 1.`, `Zauber pro Tag 2.`, `Zauber pro Tag 3.`, `Zauber pro Tag 4.`, `Zauber pro Tag 5.`, `Zauber pro Tag 6.`, `Zauber pro Tag 7.`, `Zauber pro Tag 8.`, `Zauber pro Tag 9.`, `Schlaghagel Angriffbonus`, `Waffenloser Schaden`, `RK-Bonus`, `Bewegungsbonus`) VALUES (18, 18, '18/13/8/3', 6, 6, 11, 'Kampfrauschkraft, Fallengespür +6', 'Barbar', NULL, '0', '0', '0', '0', '0', '0', NULL, NULL, NULL, NULL, NULL, NULL, NULL);
INSERT INTO `mydb`.`Levelabhängige Klasse` (`idLevelabhängige Klasse`, `Stufe`, `GAB`, `REF`, `WIL`, `ZÄH`, `Speziell`, `Klassen_idKlassen`, `Zauber pro Tag 0.`, `Zauber pro Tag 1.`, `Zauber pro Tag 2.`, `Zauber pro Tag 3.`, `Zauber pro Tag 4.`, `Zauber pro Tag 5.`, `Zauber pro Tag 6.`, `Zauber pro Tag 7.`, `Zauber pro Tag 8.`, `Zauber pro Tag 9.`, `Schlaghagel Angriffbonus`, `Waffenloser Schaden`, `RK-Bonus`, `Bewegungsbonus`) VALUES (19, 19, '19/14/9/4', 6, 6, 11, 'Schadensreduzierung 5/-', 'Barbar', NULL, '0', '0', '0', '0', '0', '0', NULL, NULL, NULL, NULL, NULL, NULL, NULL);
INSERT INTO `mydb`.`Levelabhängige Klasse` (`idLevelabhängige Klasse`, `Stufe`, `GAB`, `REF`, `WIL`, `ZÄH`, `Speziell`, `Klassen_idKlassen`, `Zauber pro Tag 0.`, `Zauber pro Tag 1.`, `Zauber pro Tag 2.`, `Zauber pro Tag 3.`, `Zauber pro Tag 4.`, `Zauber pro Tag 5.`, `Zauber pro Tag 6.`, `Zauber pro Tag 7.`, `Zauber pro Tag 8.`, `Zauber pro Tag 9.`, `Schlaghagel Angriffbonus`, `Waffenloser Schaden`, `RK-Bonus`, `Bewegungsbonus`) VALUES (20, 20, '20/15/10/5', 6, 6, 12, 'Mächtiger Kampfrausch, Kampfrauschkraft', 'Barbar', NULL, '0', '0', '0', '0', '0', '0', NULL, NULL, NULL, NULL, NULL, NULL, NULL);
INSERT INTO `mydb`.`Levelabhängige Klasse` (`idLevelabhängige Klasse`, `Stufe`, `GAB`, `REF`, `WIL`, `ZÄH`, `Speziell`, `Klassen_idKlassen`, `Zauber pro Tag 0.`, `Zauber pro Tag 1.`, `Zauber pro Tag 2.`, `Zauber pro Tag 3.`, `Zauber pro Tag 4.`, `Zauber pro Tag 5.`, `Zauber pro Tag 6.`, `Zauber pro Tag 7.`, `Zauber pro Tag 8.`, `Zauber pro Tag 9.`, `Schlaghagel Angriffbonus`, `Waffenloser Schaden`, `RK-Bonus`, `Bewegungsbonus`) VALUES (21, 1, '0', 2, 2, 0, 'Ablenkung, Bannlied, Bardenauftritt, Bardenwissen, Faszinieren, Lied des Mutes +1, Zaubertricks', 'Barde', NULL, '1', '0', '0', '0', '0', '0', NULL, NULL, NULL, NULL, NULL, NULL, NULL);
INSERT INTO `mydb`.`Levelabhängige Klasse` (`idLevelabhängige Klasse`, `Stufe`, `GAB`, `REF`, `WIL`, `ZÄH`, `Speziell`, `Klassen_idKlassen`, `Zauber pro Tag 0.`, `Zauber pro Tag 1.`, `Zauber pro Tag 2.`, `Zauber pro Tag 3.`, `Zauber pro Tag 4.`, `Zauber pro Tag 5.`, `Zauber pro Tag 6.`, `Zauber pro Tag 7.`, `Zauber pro Tag 8.`, `Zauber pro Tag 9.`, `Schlaghagel Angriffbonus`, `Waffenloser Schaden`, `RK-Bonus`, `Bewegungsbonus`) VALUES (22, 2, '1', 3, 3, 0, 'Bewandert, Vielseitiger Auftritt', 'Barde', NULL, '2', '0', '0', '0', '0', '0', NULL, NULL, NULL, NULL, NULL, NULL, NULL);
INSERT INTO `mydb`.`Levelabhängige Klasse` (`idLevelabhängige Klasse`, `Stufe`, `GAB`, `REF`, `WIL`, `ZÄH`, `Speziell`, `Klassen_idKlassen`, `Zauber pro Tag 0.`, `Zauber pro Tag 1.`, `Zauber pro Tag 2.`, `Zauber pro Tag 3.`, `Zauber pro Tag 4.`, `Zauber pro Tag 5.`, `Zauber pro Tag 6.`, `Zauber pro Tag 7.`, `Zauber pro Tag 8.`, `Zauber pro Tag 9.`, `Schlaghagel Angriffbonus`, `Waffenloser Schaden`, `RK-Bonus`, `Bewegungsbonus`) VALUES (23, 3, '2', 3, 3, 1, 'Lied des Erfolgs +2', 'Barde', NULL, '3', '0', '0', '0', '0', '0', NULL, NULL, NULL, NULL, NULL, NULL, NULL);
INSERT INTO `mydb`.`Levelabhängige Klasse` (`idLevelabhängige Klasse`, `Stufe`, `GAB`, `REF`, `WIL`, `ZÄH`, `Speziell`, `Klassen_idKlassen`, `Zauber pro Tag 0.`, `Zauber pro Tag 1.`, `Zauber pro Tag 2.`, `Zauber pro Tag 3.`, `Zauber pro Tag 4.`, `Zauber pro Tag 5.`, `Zauber pro Tag 6.`, `Zauber pro Tag 7.`, `Zauber pro Tag 8.`, `Zauber pro Tag 9.`, `Schlaghagel Angriffbonus`, `Waffenloser Schaden`, `RK-Bonus`, `Bewegungsbonus`) VALUES (24, 4, '3', 4, 4, 1, NULL, 'Barde', NULL, '3', '1', '0', '0', '0', '0', NULL, NULL, NULL, NULL, NULL, NULL, NULL);
INSERT INTO `mydb`.`Levelabhängige Klasse` (`idLevelabhängige Klasse`, `Stufe`, `GAB`, `REF`, `WIL`, `ZÄH`, `Speziell`, `Klassen_idKlassen`, `Zauber pro Tag 0.`, `Zauber pro Tag 1.`, `Zauber pro Tag 2.`, `Zauber pro Tag 3.`, `Zauber pro Tag 4.`, `Zauber pro Tag 5.`, `Zauber pro Tag 6.`, `Zauber pro Tag 7.`, `Zauber pro Tag 8.`, `Zauber pro Tag 9.`, `Schlaghagel Angriffbonus`, `Waffenloser Schaden`, `RK-Bonus`, `Bewegungsbonus`) VALUES (25, 5, '3', 4, 4, 1, 'Gelehrter 1/Tag, Lied des Mutes +2', 'Barde', NULL, '4', '2', '0', '0', '0', '0', NULL, NULL, NULL, NULL, NULL, NULL, NULL);
INSERT INTO `mydb`.`Levelabhängige Klasse` (`idLevelabhängige Klasse`, `Stufe`, `GAB`, `REF`, `WIL`, `ZÄH`, `Speziell`, `Klassen_idKlassen`, `Zauber pro Tag 0.`, `Zauber pro Tag 1.`, `Zauber pro Tag 2.`, `Zauber pro Tag 3.`, `Zauber pro Tag 4.`, `Zauber pro Tag 5.`, `Zauber pro Tag 6.`, `Zauber pro Tag 7.`, `Zauber pro Tag 8.`, `Zauber pro Tag 9.`, `Schlaghagel Angriffbonus`, `Waffenloser Schaden`, `RK-Bonus`, `Bewegungsbonus`) VALUES (26, 6, '4', 5, 5, 2, 'Einflüsterung, Vielseitiger Auftritt', 'Barde', NULL, '4', '3', '0', '0', '0', '0', NULL, NULL, NULL, NULL, NULL, NULL, NULL);
INSERT INTO `mydb`.`Levelabhängige Klasse` (`idLevelabhängige Klasse`, `Stufe`, `GAB`, `REF`, `WIL`, `ZÄH`, `Speziell`, `Klassen_idKlassen`, `Zauber pro Tag 0.`, `Zauber pro Tag 1.`, `Zauber pro Tag 2.`, `Zauber pro Tag 3.`, `Zauber pro Tag 4.`, `Zauber pro Tag 5.`, `Zauber pro Tag 6.`, `Zauber pro Tag 7.`, `Zauber pro Tag 8.`, `Zauber pro Tag 9.`, `Schlaghagel Angriffbonus`, `Waffenloser Schaden`, `RK-Bonus`, `Bewegungsbonus`) VALUES (27, 7, '5', 5, 5, 2, 'Lied des Erfolgs +3', 'Barde', NULL, '4', '3', '1', '0', '0', '0', NULL, NULL, NULL, NULL, NULL, NULL, NULL);
INSERT INTO `mydb`.`Levelabhängige Klasse` (`idLevelabhängige Klasse`, `Stufe`, `GAB`, `REF`, `WIL`, `ZÄH`, `Speziell`, `Klassen_idKlassen`, `Zauber pro Tag 0.`, `Zauber pro Tag 1.`, `Zauber pro Tag 2.`, `Zauber pro Tag 3.`, `Zauber pro Tag 4.`, `Zauber pro Tag 5.`, `Zauber pro Tag 6.`, `Zauber pro Tag 7.`, `Zauber pro Tag 8.`, `Zauber pro Tag 9.`, `Schlaghagel Angriffbonus`, `Waffenloser Schaden`, `RK-Bonus`, `Bewegungsbonus`) VALUES (28, 8, '6/1', 6, 6, 2, 'Klagelied', 'Barde', NULL, '4', '4', '2', '0', '0', '0', NULL, NULL, NULL, NULL, NULL, NULL, NULL);
INSERT INTO `mydb`.`Levelabhängige Klasse` (`idLevelabhängige Klasse`, `Stufe`, `GAB`, `REF`, `WIL`, `ZÄH`, `Speziell`, `Klassen_idKlassen`, `Zauber pro Tag 0.`, `Zauber pro Tag 1.`, `Zauber pro Tag 2.`, `Zauber pro Tag 3.`, `Zauber pro Tag 4.`, `Zauber pro Tag 5.`, `Zauber pro Tag 6.`, `Zauber pro Tag 7.`, `Zauber pro Tag 8.`, `Zauber pro Tag 9.`, `Schlaghagel Angriffbonus`, `Waffenloser Schaden`, `RK-Bonus`, `Bewegungsbonus`) VALUES (29, 9, '6/1', 6, 6, 3, 'Lied der Größe', 'Barde', NULL, '5', '4', '3', '0', '0', '0', NULL, NULL, NULL, NULL, NULL, NULL, NULL);
INSERT INTO `mydb`.`Levelabhängige Klasse` (`idLevelabhängige Klasse`, `Stufe`, `GAB`, `REF`, `WIL`, `ZÄH`, `Speziell`, `Klassen_idKlassen`, `Zauber pro Tag 0.`, `Zauber pro Tag 1.`, `Zauber pro Tag 2.`, `Zauber pro Tag 3.`, `Zauber pro Tag 4.`, `Zauber pro Tag 5.`, `Zauber pro Tag 6.`, `Zauber pro Tag 7.`, `Zauber pro Tag 8.`, `Zauber pro Tag 9.`, `Schlaghagel Angriffbonus`, `Waffenloser Schaden`, `RK-Bonus`, `Bewegungsbonus`) VALUES (30, 10, '7/2', 7, 7, 3, 'Tausendsassa, Vielseitiger Auftritt', 'Barde', NULL, '5', '4', '3', '1', '0', '0', NULL, NULL, NULL, NULL, NULL, NULL, NULL);
INSERT INTO `mydb`.`Levelabhängige Klasse` (`idLevelabhängige Klasse`, `Stufe`, `GAB`, `REF`, `WIL`, `ZÄH`, `Speziell`, `Klassen_idKlassen`, `Zauber pro Tag 0.`, `Zauber pro Tag 1.`, `Zauber pro Tag 2.`, `Zauber pro Tag 3.`, `Zauber pro Tag 4.`, `Zauber pro Tag 5.`, `Zauber pro Tag 6.`, `Zauber pro Tag 7.`, `Zauber pro Tag 8.`, `Zauber pro Tag 9.`, `Schlaghagel Angriffbonus`, `Waffenloser Schaden`, `RK-Bonus`, `Bewegungsbonus`) VALUES (31, 11, '8/3', 7, 7, 3, 'Gelehrter 2/Tag, Lied des Erfolgs +4, Lied des Mutes +3', 'Barde', NULL, '5', '4', '4', '2', '0', '0', NULL, NULL, NULL, NULL, NULL, NULL, NULL);
INSERT INTO `mydb`.`Levelabhängige Klasse` (`idLevelabhängige Klasse`, `Stufe`, `GAB`, `REF`, `WIL`, `ZÄH`, `Speziell`, `Klassen_idKlassen`, `Zauber pro Tag 0.`, `Zauber pro Tag 1.`, `Zauber pro Tag 2.`, `Zauber pro Tag 3.`, `Zauber pro Tag 4.`, `Zauber pro Tag 5.`, `Zauber pro Tag 6.`, `Zauber pro Tag 7.`, `Zauber pro Tag 8.`, `Zauber pro Tag 9.`, `Schlaghagel Angriffbonus`, `Waffenloser Schaden`, `RK-Bonus`, `Bewegungsbonus`) VALUES (32, 12, '9/4', 8, 8, 4, 'Erfrischender Auftritt', 'Barde', NULL, '5', '5', '4', '3', '0', '0', NULL, NULL, NULL, NULL, NULL, NULL, NULL);
INSERT INTO `mydb`.`Levelabhängige Klasse` (`idLevelabhängige Klasse`, `Stufe`, `GAB`, `REF`, `WIL`, `ZÄH`, `Speziell`, `Klassen_idKlassen`, `Zauber pro Tag 0.`, `Zauber pro Tag 1.`, `Zauber pro Tag 2.`, `Zauber pro Tag 3.`, `Zauber pro Tag 4.`, `Zauber pro Tag 5.`, `Zauber pro Tag 6.`, `Zauber pro Tag 7.`, `Zauber pro Tag 8.`, `Zauber pro Tag 9.`, `Schlaghagel Angriffbonus`, `Waffenloser Schaden`, `RK-Bonus`, `Bewegungsbonus`) VALUES (33, 13, '9/4', 8, 8, 4, NULL, 'Barde', NULL, '5', '5', '4', '3', '1', '0', NULL, NULL, NULL, NULL, NULL, NULL, NULL);
INSERT INTO `mydb`.`Levelabhängige Klasse` (`idLevelabhängige Klasse`, `Stufe`, `GAB`, `REF`, `WIL`, `ZÄH`, `Speziell`, `Klassen_idKlassen`, `Zauber pro Tag 0.`, `Zauber pro Tag 1.`, `Zauber pro Tag 2.`, `Zauber pro Tag 3.`, `Zauber pro Tag 4.`, `Zauber pro Tag 5.`, `Zauber pro Tag 6.`, `Zauber pro Tag 7.`, `Zauber pro Tag 8.`, `Zauber pro Tag 9.`, `Schlaghagel Angriffbonus`, `Waffenloser Schaden`, `RK-Bonus`, `Bewegungsbonus`) VALUES (34, 14, '10/5', 9, 9, 4, 'Lied der Furcht, Vielseitiger Auftritt', 'Barde', NULL, '5', '5', '4', '4', '2', '0', NULL, NULL, NULL, NULL, NULL, NULL, NULL);
INSERT INTO `mydb`.`Levelabhängige Klasse` (`idLevelabhängige Klasse`, `Stufe`, `GAB`, `REF`, `WIL`, `ZÄH`, `Speziell`, `Klassen_idKlassen`, `Zauber pro Tag 0.`, `Zauber pro Tag 1.`, `Zauber pro Tag 2.`, `Zauber pro Tag 3.`, `Zauber pro Tag 4.`, `Zauber pro Tag 5.`, `Zauber pro Tag 6.`, `Zauber pro Tag 7.`, `Zauber pro Tag 8.`, `Zauber pro Tag 9.`, `Schlaghagel Angriffbonus`, `Waffenloser Schaden`, `RK-Bonus`, `Bewegungsbonus`) VALUES (35, 15, '11/6/1', 9, 9, 5, 'Lied des Erfolgs +5, Lied des Heldenmuts', 'Barde', NULL, '5', '5', '5', '4', '3', '0', NULL, NULL, NULL, NULL, NULL, NULL, NULL);
INSERT INTO `mydb`.`Levelabhängige Klasse` (`idLevelabhängige Klasse`, `Stufe`, `GAB`, `REF`, `WIL`, `ZÄH`, `Speziell`, `Klassen_idKlassen`, `Zauber pro Tag 0.`, `Zauber pro Tag 1.`, `Zauber pro Tag 2.`, `Zauber pro Tag 3.`, `Zauber pro Tag 4.`, `Zauber pro Tag 5.`, `Zauber pro Tag 6.`, `Zauber pro Tag 7.`, `Zauber pro Tag 8.`, `Zauber pro Tag 9.`, `Schlaghagel Angriffbonus`, `Waffenloser Schaden`, `RK-Bonus`, `Bewegungsbonus`) VALUES (36, 16, '12/7/2', 10, 10, 5, NULL, 'Barde', NULL, '5', '5', '5', '4', '3', '1', NULL, NULL, NULL, NULL, NULL, NULL, NULL);
INSERT INTO `mydb`.`Levelabhängige Klasse` (`idLevelabhängige Klasse`, `Stufe`, `GAB`, `REF`, `WIL`, `ZÄH`, `Speziell`, `Klassen_idKlassen`, `Zauber pro Tag 0.`, `Zauber pro Tag 1.`, `Zauber pro Tag 2.`, `Zauber pro Tag 3.`, `Zauber pro Tag 4.`, `Zauber pro Tag 5.`, `Zauber pro Tag 6.`, `Zauber pro Tag 7.`, `Zauber pro Tag 8.`, `Zauber pro Tag 9.`, `Schlaghagel Angriffbonus`, `Waffenloser Schaden`, `RK-Bonus`, `Bewegungsbonus`) VALUES (37, 17, '12/7/2', 10, 10, 5, 'Gelehrter 3/Tag, Lied des Mutes +4', 'Barde', NULL, '5', '5', '5', '4', '4', '2', NULL, NULL, NULL, NULL, NULL, NULL, NULL);
INSERT INTO `mydb`.`Levelabhängige Klasse` (`idLevelabhängige Klasse`, `Stufe`, `GAB`, `REF`, `WIL`, `ZÄH`, `Speziell`, `Klassen_idKlassen`, `Zauber pro Tag 0.`, `Zauber pro Tag 1.`, `Zauber pro Tag 2.`, `Zauber pro Tag 3.`, `Zauber pro Tag 4.`, `Zauber pro Tag 5.`, `Zauber pro Tag 6.`, `Zauber pro Tag 7.`, `Zauber pro Tag 8.`, `Zauber pro Tag 9.`, `Schlaghagel Angriffbonus`, `Waffenloser Schaden`, `RK-Bonus`, `Bewegungsbonus`) VALUES (38, 18, '13/8/3', 11, 11, 6, 'Masseneinflüsterung, Vielseitiger Auftritt', 'Barde', NULL, '5', '5', '5', '5', '4', '3', NULL, NULL, NULL, NULL, NULL, NULL, NULL);
INSERT INTO `mydb`.`Levelabhängige Klasse` (`idLevelabhängige Klasse`, `Stufe`, `GAB`, `REF`, `WIL`, `ZÄH`, `Speziell`, `Klassen_idKlassen`, `Zauber pro Tag 0.`, `Zauber pro Tag 1.`, `Zauber pro Tag 2.`, `Zauber pro Tag 3.`, `Zauber pro Tag 4.`, `Zauber pro Tag 5.`, `Zauber pro Tag 6.`, `Zauber pro Tag 7.`, `Zauber pro Tag 8.`, `Zauber pro Tag 9.`, `Schlaghagel Angriffbonus`, `Waffenloser Schaden`, `RK-Bonus`, `Bewegungsbonus`) VALUES (39, 19, '14/9/4', 11, 11, 6, 'Lied des Erfolgs +6', 'Barde', NULL, '5', '5', '5', '5', '5', '4', NULL, NULL, NULL, NULL, NULL, NULL, NULL);
INSERT INTO `mydb`.`Levelabhängige Klasse` (`idLevelabhängige Klasse`, `Stufe`, `GAB`, `REF`, `WIL`, `ZÄH`, `Speziell`, `Klassen_idKlassen`, `Zauber pro Tag 0.`, `Zauber pro Tag 1.`, `Zauber pro Tag 2.`, `Zauber pro Tag 3.`, `Zauber pro Tag 4.`, `Zauber pro Tag 5.`, `Zauber pro Tag 6.`, `Zauber pro Tag 7.`, `Zauber pro Tag 8.`, `Zauber pro Tag 9.`, `Schlaghagel Angriffbonus`, `Waffenloser Schaden`, `RK-Bonus`, `Bewegungsbonus`) VALUES (40, 20, '15/10/5', 12, 12, 6, 'Tödliche Melodie', 'Barde', NULL, '5', '5', '5', '5', '5', '5', NULL, NULL, NULL, NULL, NULL, NULL, NULL);
INSERT INTO `mydb`.`Levelabhängige Klasse` (`idLevelabhängige Klasse`, `Stufe`, `GAB`, `REF`, `WIL`, `ZÄH`, `Speziell`, `Klassen_idKlassen`, `Zauber pro Tag 0.`, `Zauber pro Tag 1.`, `Zauber pro Tag 2.`, `Zauber pro Tag 3.`, `Zauber pro Tag 4.`, `Zauber pro Tag 5.`, `Zauber pro Tag 6.`, `Zauber pro Tag 7.`, `Zauber pro Tag 8.`, `Zauber pro Tag 9.`, `Schlaghagel Angriffbonus`, `Waffenloser Schaden`, `RK-Bonus`, `Bewegungsbonus`) VALUES (41, 1, '0', 0, 2, 2, 'Bund mit der Natur, Naturgespür, Gebete, Tierempathie', 'Druide', '3', '1', '0', '0', '0', '0', '0', '0', '0', '0', NULL, NULL, NULL, NULL);
INSERT INTO `mydb`.`Levelabhängige Klasse` (`idLevelabhängige Klasse`, `Stufe`, `GAB`, `REF`, `WIL`, `ZÄH`, `Speziell`, `Klassen_idKlassen`, `Zauber pro Tag 0.`, `Zauber pro Tag 1.`, `Zauber pro Tag 2.`, `Zauber pro Tag 3.`, `Zauber pro Tag 4.`, `Zauber pro Tag 5.`, `Zauber pro Tag 6.`, `Zauber pro Tag 7.`, `Zauber pro Tag 8.`, `Zauber pro Tag 9.`, `Schlaghagel Angriffbonus`, `Waffenloser Schaden`, `RK-Bonus`, `Bewegungsbonus`) VALUES (42, 2, '1', 0, 3, 3, 'Unterholz durchqueren', 'Druide', '4', '2', '0', '0', '0', '0', '0', '0', '0', '0', NULL, NULL, NULL, NULL);
INSERT INTO `mydb`.`Levelabhängige Klasse` (`idLevelabhängige Klasse`, `Stufe`, `GAB`, `REF`, `WIL`, `ZÄH`, `Speziell`, `Klassen_idKlassen`, `Zauber pro Tag 0.`, `Zauber pro Tag 1.`, `Zauber pro Tag 2.`, `Zauber pro Tag 3.`, `Zauber pro Tag 4.`, `Zauber pro Tag 5.`, `Zauber pro Tag 6.`, `Zauber pro Tag 7.`, `Zauber pro Tag 8.`, `Zauber pro Tag 9.`, `Schlaghagel Angriffbonus`, `Waffenloser Schaden`, `RK-Bonus`, `Bewegungsbonus`) VALUES (43, 3, '2', 1, 3, 3, 'Spurloser Schritt', 'Druide', '4', '2', '1', NULL, NULL, NULL, NULL, NULL, NULL, NULL, NULL, NULL, NULL, NULL);
INSERT INTO `mydb`.`Levelabhängige Klasse` (`idLevelabhängige Klasse`, `Stufe`, `GAB`, `REF`, `WIL`, `ZÄH`, `Speziell`, `Klassen_idKlassen`, `Zauber pro Tag 0.`, `Zauber pro Tag 1.`, `Zauber pro Tag 2.`, `Zauber pro Tag 3.`, `Zauber pro Tag 4.`, `Zauber pro Tag 5.`, `Zauber pro Tag 6.`, `Zauber pro Tag 7.`, `Zauber pro Tag 8.`, `Zauber pro Tag 9.`, `Schlaghagel Angriffbonus`, `Waffenloser Schaden`, `RK-Bonus`, `Bewegungsbonus`) VALUES (44, 4, '3', 1, 4, 4, 'Lockruf der Natur widerstehen, Tiergestalt (1/Tag)', 'Druide', '4', '3', '2', NULL, NULL, NULL, NULL, NULL, NULL, NULL, NULL, NULL, NULL, NULL);
INSERT INTO `mydb`.`Levelabhängige Klasse` (`idLevelabhängige Klasse`, `Stufe`, `GAB`, `REF`, `WIL`, `ZÄH`, `Speziell`, `Klassen_idKlassen`, `Zauber pro Tag 0.`, `Zauber pro Tag 1.`, `Zauber pro Tag 2.`, `Zauber pro Tag 3.`, `Zauber pro Tag 4.`, `Zauber pro Tag 5.`, `Zauber pro Tag 6.`, `Zauber pro Tag 7.`, `Zauber pro Tag 8.`, `Zauber pro Tag 9.`, `Schlaghagel Angriffbonus`, `Waffenloser Schaden`, `RK-Bonus`, `Bewegungsbonus`) VALUES (45, 5, '3', 1, 4, 4, NULL, 'Druide', '4', '3', '2', '1', NULL, NULL, NULL, NULL, NULL, NULL, NULL, NULL, NULL, NULL);
INSERT INTO `mydb`.`Levelabhängige Klasse` (`idLevelabhängige Klasse`, `Stufe`, `GAB`, `REF`, `WIL`, `ZÄH`, `Speziell`, `Klassen_idKlassen`, `Zauber pro Tag 0.`, `Zauber pro Tag 1.`, `Zauber pro Tag 2.`, `Zauber pro Tag 3.`, `Zauber pro Tag 4.`, `Zauber pro Tag 5.`, `Zauber pro Tag 6.`, `Zauber pro Tag 7.`, `Zauber pro Tag 8.`, `Zauber pro Tag 9.`, `Schlaghagel Angriffbonus`, `Waffenloser Schaden`, `RK-Bonus`, `Bewegungsbonus`) VALUES (46, 6, '4', 2, 5, 5, 'Tiergestalt (2/Tag)', 'Druide', '4', '3', '3', '2', NULL, NULL, NULL, NULL, NULL, NULL, NULL, NULL, NULL, NULL);
INSERT INTO `mydb`.`Levelabhängige Klasse` (`idLevelabhängige Klasse`, `Stufe`, `GAB`, `REF`, `WIL`, `ZÄH`, `Speziell`, `Klassen_idKlassen`, `Zauber pro Tag 0.`, `Zauber pro Tag 1.`, `Zauber pro Tag 2.`, `Zauber pro Tag 3.`, `Zauber pro Tag 4.`, `Zauber pro Tag 5.`, `Zauber pro Tag 6.`, `Zauber pro Tag 7.`, `Zauber pro Tag 8.`, `Zauber pro Tag 9.`, `Schlaghagel Angriffbonus`, `Waffenloser Schaden`, `RK-Bonus`, `Bewegungsbonus`) VALUES (47, 7, '5', 2, 5, 5, NULL, 'Druide', '4', '4', '3', '2', '1', NULL, NULL, NULL, NULL, NULL, NULL, NULL, NULL, NULL);
INSERT INTO `mydb`.`Levelabhängige Klasse` (`idLevelabhängige Klasse`, `Stufe`, `GAB`, `REF`, `WIL`, `ZÄH`, `Speziell`, `Klassen_idKlassen`, `Zauber pro Tag 0.`, `Zauber pro Tag 1.`, `Zauber pro Tag 2.`, `Zauber pro Tag 3.`, `Zauber pro Tag 4.`, `Zauber pro Tag 5.`, `Zauber pro Tag 6.`, `Zauber pro Tag 7.`, `Zauber pro Tag 8.`, `Zauber pro Tag 9.`, `Schlaghagel Angriffbonus`, `Waffenloser Schaden`, `RK-Bonus`, `Bewegungsbonus`) VALUES (48, 8, '6/1', 2, 6, 6, 'Tiergestalt (3/Tag)', 'Druide', '4', '4', '3', '3', '2', NULL, NULL, NULL, NULL, NULL, NULL, NULL, NULL, NULL);
INSERT INTO `mydb`.`Levelabhängige Klasse` (`idLevelabhängige Klasse`, `Stufe`, `GAB`, `REF`, `WIL`, `ZÄH`, `Speziell`, `Klassen_idKlassen`, `Zauber pro Tag 0.`, `Zauber pro Tag 1.`, `Zauber pro Tag 2.`, `Zauber pro Tag 3.`, `Zauber pro Tag 4.`, `Zauber pro Tag 5.`, `Zauber pro Tag 6.`, `Zauber pro Tag 7.`, `Zauber pro Tag 8.`, `Zauber pro Tag 9.`, `Schlaghagel Angriffbonus`, `Waffenloser Schaden`, `RK-Bonus`, `Bewegungsbonus`) VALUES (49, 9, '6/1', 3, 6, 6, 'Immunität gegen Gift', 'Druide', '4', '4', '4', '3', '2', '1', NULL, NULL, NULL, NULL, NULL, NULL, NULL, NULL);
INSERT INTO `mydb`.`Levelabhängige Klasse` (`idLevelabhängige Klasse`, `Stufe`, `GAB`, `REF`, `WIL`, `ZÄH`, `Speziell`, `Klassen_idKlassen`, `Zauber pro Tag 0.`, `Zauber pro Tag 1.`, `Zauber pro Tag 2.`, `Zauber pro Tag 3.`, `Zauber pro Tag 4.`, `Zauber pro Tag 5.`, `Zauber pro Tag 6.`, `Zauber pro Tag 7.`, `Zauber pro Tag 8.`, `Zauber pro Tag 9.`, `Schlaghagel Angriffbonus`, `Waffenloser Schaden`, `RK-Bonus`, `Bewegungsbonus`) VALUES (50, 10, '7/2', 3, 7, 7, 'Tiergestalt (4/Tag)', 'Druide', '4', '4', '4', '3', '3', '2', NULL, NULL, NULL, NULL, NULL, NULL, NULL, NULL);
INSERT INTO `mydb`.`Levelabhängige Klasse` (`idLevelabhängige Klasse`, `Stufe`, `GAB`, `REF`, `WIL`, `ZÄH`, `Speziell`, `Klassen_idKlassen`, `Zauber pro Tag 0.`, `Zauber pro Tag 1.`, `Zauber pro Tag 2.`, `Zauber pro Tag 3.`, `Zauber pro Tag 4.`, `Zauber pro Tag 5.`, `Zauber pro Tag 6.`, `Zauber pro Tag 7.`, `Zauber pro Tag 8.`, `Zauber pro Tag 9.`, `Schlaghagel Angriffbonus`, `Waffenloser Schaden`, `RK-Bonus`, `Bewegungsbonus`) VALUES (51, 11, '8/3', 3, 7, 7, NULL, 'Druide', '4', '4', '4', '4', '3', '2', '1', NULL, NULL, NULL, NULL, NULL, NULL, NULL);
INSERT INTO `mydb`.`Levelabhängige Klasse` (`idLevelabhängige Klasse`, `Stufe`, `GAB`, `REF`, `WIL`, `ZÄH`, `Speziell`, `Klassen_idKlassen`, `Zauber pro Tag 0.`, `Zauber pro Tag 1.`, `Zauber pro Tag 2.`, `Zauber pro Tag 3.`, `Zauber pro Tag 4.`, `Zauber pro Tag 5.`, `Zauber pro Tag 6.`, `Zauber pro Tag 7.`, `Zauber pro Tag 8.`, `Zauber pro Tag 9.`, `Schlaghagel Angriffbonus`, `Waffenloser Schaden`, `RK-Bonus`, `Bewegungsbonus`) VALUES (52, 12, '9/4', 4, 8, 8, 'Tiergestalt (5/Tag)', 'Druide', '4', '4', '4', '4', '3', '3', '2', NULL, NULL, NULL, NULL, NULL, NULL, NULL);
INSERT INTO `mydb`.`Levelabhängige Klasse` (`idLevelabhängige Klasse`, `Stufe`, `GAB`, `REF`, `WIL`, `ZÄH`, `Speziell`, `Klassen_idKlassen`, `Zauber pro Tag 0.`, `Zauber pro Tag 1.`, `Zauber pro Tag 2.`, `Zauber pro Tag 3.`, `Zauber pro Tag 4.`, `Zauber pro Tag 5.`, `Zauber pro Tag 6.`, `Zauber pro Tag 7.`, `Zauber pro Tag 8.`, `Zauber pro Tag 9.`, `Schlaghagel Angriffbonus`, `Waffenloser Schaden`, `RK-Bonus`, `Bewegungsbonus`) VALUES (53, 13, '9/4', 4, 8, 8, 'Tausend Gesichter', 'Druide', '4', '4', '4', '4', '4', '3', '2', '1', NULL, NULL, NULL, NULL, NULL, NULL);
INSERT INTO `mydb`.`Levelabhängige Klasse` (`idLevelabhängige Klasse`, `Stufe`, `GAB`, `REF`, `WIL`, `ZÄH`, `Speziell`, `Klassen_idKlassen`, `Zauber pro Tag 0.`, `Zauber pro Tag 1.`, `Zauber pro Tag 2.`, `Zauber pro Tag 3.`, `Zauber pro Tag 4.`, `Zauber pro Tag 5.`, `Zauber pro Tag 6.`, `Zauber pro Tag 7.`, `Zauber pro Tag 8.`, `Zauber pro Tag 9.`, `Schlaghagel Angriffbonus`, `Waffenloser Schaden`, `RK-Bonus`, `Bewegungsbonus`) VALUES (54, 14, '10/5', 4, 9, 9, 'Tiergestalt (6/Tag)', 'Druide', '4', '4', '4', '4', '4', '3', '3', '2', NULL, NULL, NULL, NULL, NULL, NULL);
INSERT INTO `mydb`.`Levelabhängige Klasse` (`idLevelabhängige Klasse`, `Stufe`, `GAB`, `REF`, `WIL`, `ZÄH`, `Speziell`, `Klassen_idKlassen`, `Zauber pro Tag 0.`, `Zauber pro Tag 1.`, `Zauber pro Tag 2.`, `Zauber pro Tag 3.`, `Zauber pro Tag 4.`, `Zauber pro Tag 5.`, `Zauber pro Tag 6.`, `Zauber pro Tag 7.`, `Zauber pro Tag 8.`, `Zauber pro Tag 9.`, `Schlaghagel Angriffbonus`, `Waffenloser Schaden`, `RK-Bonus`, `Bewegungsbonus`) VALUES (55, 15, '11/6/1', 5, 9, 9, 'Zeitloser Körper', 'Druide', '4', '4', '4', '4', '4', '4', '3', '2', '1', NULL, NULL, NULL, NULL, NULL);
INSERT INTO `mydb`.`Levelabhängige Klasse` (`idLevelabhängige Klasse`, `Stufe`, `GAB`, `REF`, `WIL`, `ZÄH`, `Speziell`, `Klassen_idKlassen`, `Zauber pro Tag 0.`, `Zauber pro Tag 1.`, `Zauber pro Tag 2.`, `Zauber pro Tag 3.`, `Zauber pro Tag 4.`, `Zauber pro Tag 5.`, `Zauber pro Tag 6.`, `Zauber pro Tag 7.`, `Zauber pro Tag 8.`, `Zauber pro Tag 9.`, `Schlaghagel Angriffbonus`, `Waffenloser Schaden`, `RK-Bonus`, `Bewegungsbonus`) VALUES (56, 16, '12/7/2', 5, 10, 10, 'Tiergestalt (7/Tag)', 'Druide', '4', '4', '4', '4', '4', '4', '3', '3', '2', NULL, NULL, NULL, NULL, NULL);
INSERT INTO `mydb`.`Levelabhängige Klasse` (`idLevelabhängige Klasse`, `Stufe`, `GAB`, `REF`, `WIL`, `ZÄH`, `Speziell`, `Klassen_idKlassen`, `Zauber pro Tag 0.`, `Zauber pro Tag 1.`, `Zauber pro Tag 2.`, `Zauber pro Tag 3.`, `Zauber pro Tag 4.`, `Zauber pro Tag 5.`, `Zauber pro Tag 6.`, `Zauber pro Tag 7.`, `Zauber pro Tag 8.`, `Zauber pro Tag 9.`, `Schlaghagel Angriffbonus`, `Waffenloser Schaden`, `RK-Bonus`, `Bewegungsbonus`) VALUES (57, 17, '12/7/2', 5, 10, 10, NULL, 'Druide', '4', '4', '4', '4', '4', '4', '4', '3', '2', '1', NULL, NULL, NULL, NULL);
INSERT INTO `mydb`.`Levelabhängige Klasse` (`idLevelabhängige Klasse`, `Stufe`, `GAB`, `REF`, `WIL`, `ZÄH`, `Speziell`, `Klassen_idKlassen`, `Zauber pro Tag 0.`, `Zauber pro Tag 1.`, `Zauber pro Tag 2.`, `Zauber pro Tag 3.`, `Zauber pro Tag 4.`, `Zauber pro Tag 5.`, `Zauber pro Tag 6.`, `Zauber pro Tag 7.`, `Zauber pro Tag 8.`, `Zauber pro Tag 9.`, `Schlaghagel Angriffbonus`, `Waffenloser Schaden`, `RK-Bonus`, `Bewegungsbonus`) VALUES (58, 18, '13/8/3', 6, 11, 11, 'Tiergestalt (8/Tag)', 'Druide', '4', '4', '4', '4', '4', '4', '4', '3', '3', '2', NULL, NULL, NULL, NULL);
INSERT INTO `mydb`.`Levelabhängige Klasse` (`idLevelabhängige Klasse`, `Stufe`, `GAB`, `REF`, `WIL`, `ZÄH`, `Speziell`, `Klassen_idKlassen`, `Zauber pro Tag 0.`, `Zauber pro Tag 1.`, `Zauber pro Tag 2.`, `Zauber pro Tag 3.`, `Zauber pro Tag 4.`, `Zauber pro Tag 5.`, `Zauber pro Tag 6.`, `Zauber pro Tag 7.`, `Zauber pro Tag 8.`, `Zauber pro Tag 9.`, `Schlaghagel Angriffbonus`, `Waffenloser Schaden`, `RK-Bonus`, `Bewegungsbonus`) VALUES (59, 19, '14/9/4', 6, 11, 11, NULL, 'Druide', '4', '4', '4', '4', '4', '4', '4', '4', '3', '3', NULL, NULL, NULL, NULL);
INSERT INTO `mydb`.`Levelabhängige Klasse` (`idLevelabhängige Klasse`, `Stufe`, `GAB`, `REF`, `WIL`, `ZÄH`, `Speziell`, `Klassen_idKlassen`, `Zauber pro Tag 0.`, `Zauber pro Tag 1.`, `Zauber pro Tag 2.`, `Zauber pro Tag 3.`, `Zauber pro Tag 4.`, `Zauber pro Tag 5.`, `Zauber pro Tag 6.`, `Zauber pro Tag 7.`, `Zauber pro Tag 8.`, `Zauber pro Tag 9.`, `Schlaghagel Angriffbonus`, `Waffenloser Schaden`, `RK-Bonus`, `Bewegungsbonus`) VALUES (60, 20, '15/10/5', 6, 12, 12, 'Tiergestalt (beliebig)', 'Druide', '4', '4', '4', '4', '4', '4', '4', '4', '4', '4', NULL, NULL, NULL, NULL);
INSERT INTO `mydb`.`Levelabhängige Klasse` (`idLevelabhängige Klasse`, `Stufe`, `GAB`, `REF`, `WIL`, `ZÄH`, `Speziell`, `Klassen_idKlassen`, `Zauber pro Tag 0.`, `Zauber pro Tag 1.`, `Zauber pro Tag 2.`, `Zauber pro Tag 3.`, `Zauber pro Tag 4.`, `Zauber pro Tag 5.`, `Zauber pro Tag 6.`, `Zauber pro Tag 7.`, `Zauber pro Tag 8.`, `Zauber pro Tag 9.`, `Schlaghagel Angriffbonus`, `Waffenloser Schaden`, `RK-Bonus`, `Bewegungsbonus`) VALUES (61, 1, '0', 0, 2, 0, 'Macht des Blutes, Zaubertricks, Materialkomponentenlos zaubern', 'Hexenmeister', '0', '3', NULL, NULL, NULL, NULL, NULL, NULL, NULL, NULL, NULL, NULL, NULL, NULL);
INSERT INTO `mydb`.`Levelabhängige Klasse` (`idLevelabhängige Klasse`, `Stufe`, `GAB`, `REF`, `WIL`, `ZÄH`, `Speziell`, `Klassen_idKlassen`, `Zauber pro Tag 0.`, `Zauber pro Tag 1.`, `Zauber pro Tag 2.`, `Zauber pro Tag 3.`, `Zauber pro Tag 4.`, `Zauber pro Tag 5.`, `Zauber pro Tag 6.`, `Zauber pro Tag 7.`, `Zauber pro Tag 8.`, `Zauber pro Tag 9.`, `Schlaghagel Angriffbonus`, `Waffenloser Schaden`, `RK-Bonus`, `Bewegungsbonus`) VALUES (62, 2, '1', 0, 3, 0, NULL, 'Hexenmeister', '0', '4', NULL, NULL, NULL, NULL, NULL, NULL, NULL, NULL, NULL, NULL, NULL, NULL);
INSERT INTO `mydb`.`Levelabhängige Klasse` (`idLevelabhängige Klasse`, `Stufe`, `GAB`, `REF`, `WIL`, `ZÄH`, `Speziell`, `Klassen_idKlassen`, `Zauber pro Tag 0.`, `Zauber pro Tag 1.`, `Zauber pro Tag 2.`, `Zauber pro Tag 3.`, `Zauber pro Tag 4.`, `Zauber pro Tag 5.`, `Zauber pro Tag 6.`, `Zauber pro Tag 7.`, `Zauber pro Tag 8.`, `Zauber pro Tag 9.`, `Schlaghagel Angriffbonus`, `Waffenloser Schaden`, `RK-Bonus`, `Bewegungsbonus`) VALUES (63, 3, '1', 1, 3, 1, 'Macht des Blutes, Zauber des Blutes', 'Hexenmeister', '0', '5', NULL, NULL, NULL, NULL, NULL, NULL, NULL, NULL, NULL, NULL, NULL, NULL);
INSERT INTO `mydb`.`Levelabhängige Klasse` (`idLevelabhängige Klasse`, `Stufe`, `GAB`, `REF`, `WIL`, `ZÄH`, `Speziell`, `Klassen_idKlassen`, `Zauber pro Tag 0.`, `Zauber pro Tag 1.`, `Zauber pro Tag 2.`, `Zauber pro Tag 3.`, `Zauber pro Tag 4.`, `Zauber pro Tag 5.`, `Zauber pro Tag 6.`, `Zauber pro Tag 7.`, `Zauber pro Tag 8.`, `Zauber pro Tag 9.`, `Schlaghagel Angriffbonus`, `Waffenloser Schaden`, `RK-Bonus`, `Bewegungsbonus`) VALUES (64, 4, '2', 1, 4, 1, NULL, 'Hexenmeister', '0', '6', '3', NULL, NULL, NULL, NULL, NULL, NULL, NULL, NULL, NULL, NULL, NULL);
INSERT INTO `mydb`.`Levelabhängige Klasse` (`idLevelabhängige Klasse`, `Stufe`, `GAB`, `REF`, `WIL`, `ZÄH`, `Speziell`, `Klassen_idKlassen`, `Zauber pro Tag 0.`, `Zauber pro Tag 1.`, `Zauber pro Tag 2.`, `Zauber pro Tag 3.`, `Zauber pro Tag 4.`, `Zauber pro Tag 5.`, `Zauber pro Tag 6.`, `Zauber pro Tag 7.`, `Zauber pro Tag 8.`, `Zauber pro Tag 9.`, `Schlaghagel Angriffbonus`, `Waffenloser Schaden`, `RK-Bonus`, `Bewegungsbonus`) VALUES (65, 5, '2', 1, 4, 1, 'Zauber des Blutes', 'Hexenmeister', '0', '6', '4', NULL, NULL, NULL, NULL, NULL, NULL, NULL, NULL, NULL, NULL, NULL);
INSERT INTO `mydb`.`Levelabhängige Klasse` (`idLevelabhängige Klasse`, `Stufe`, `GAB`, `REF`, `WIL`, `ZÄH`, `Speziell`, `Klassen_idKlassen`, `Zauber pro Tag 0.`, `Zauber pro Tag 1.`, `Zauber pro Tag 2.`, `Zauber pro Tag 3.`, `Zauber pro Tag 4.`, `Zauber pro Tag 5.`, `Zauber pro Tag 6.`, `Zauber pro Tag 7.`, `Zauber pro Tag 8.`, `Zauber pro Tag 9.`, `Schlaghagel Angriffbonus`, `Waffenloser Schaden`, `RK-Bonus`, `Bewegungsbonus`) VALUES (66, 6, '3', 2, 5, 2, NULL, 'Hexenmeister', '0', '6', '5', '3', NULL, NULL, NULL, NULL, NULL, NULL, NULL, NULL, NULL, NULL);
INSERT INTO `mydb`.`Levelabhängige Klasse` (`idLevelabhängige Klasse`, `Stufe`, `GAB`, `REF`, `WIL`, `ZÄH`, `Speziell`, `Klassen_idKlassen`, `Zauber pro Tag 0.`, `Zauber pro Tag 1.`, `Zauber pro Tag 2.`, `Zauber pro Tag 3.`, `Zauber pro Tag 4.`, `Zauber pro Tag 5.`, `Zauber pro Tag 6.`, `Zauber pro Tag 7.`, `Zauber pro Tag 8.`, `Zauber pro Tag 9.`, `Schlaghagel Angriffbonus`, `Waffenloser Schaden`, `RK-Bonus`, `Bewegungsbonus`) VALUES (67, 7, '3', 2, 5, 2, 'Talent des Blutes, Zauber des Blutes', 'Hexenmeister', '0', '6', '6', '4', NULL, NULL, NULL, NULL, NULL, NULL, NULL, NULL, NULL, NULL);
INSERT INTO `mydb`.`Levelabhängige Klasse` (`idLevelabhängige Klasse`, `Stufe`, `GAB`, `REF`, `WIL`, `ZÄH`, `Speziell`, `Klassen_idKlassen`, `Zauber pro Tag 0.`, `Zauber pro Tag 1.`, `Zauber pro Tag 2.`, `Zauber pro Tag 3.`, `Zauber pro Tag 4.`, `Zauber pro Tag 5.`, `Zauber pro Tag 6.`, `Zauber pro Tag 7.`, `Zauber pro Tag 8.`, `Zauber pro Tag 9.`, `Schlaghagel Angriffbonus`, `Waffenloser Schaden`, `RK-Bonus`, `Bewegungsbonus`) VALUES (68, 8, '4', 2, 6, 2, NULL, 'Hexenmeister', '0', '6', '6', '5', '3', NULL, NULL, NULL, NULL, NULL, NULL, NULL, NULL, NULL);
INSERT INTO `mydb`.`Levelabhängige Klasse` (`idLevelabhängige Klasse`, `Stufe`, `GAB`, `REF`, `WIL`, `ZÄH`, `Speziell`, `Klassen_idKlassen`, `Zauber pro Tag 0.`, `Zauber pro Tag 1.`, `Zauber pro Tag 2.`, `Zauber pro Tag 3.`, `Zauber pro Tag 4.`, `Zauber pro Tag 5.`, `Zauber pro Tag 6.`, `Zauber pro Tag 7.`, `Zauber pro Tag 8.`, `Zauber pro Tag 9.`, `Schlaghagel Angriffbonus`, `Waffenloser Schaden`, `RK-Bonus`, `Bewegungsbonus`) VALUES (69, 9, '4', 3, 6, 3, 'Macht des Blutes, Zauber des Blutes', 'Hexenmeister', '0', '6', '6', '6', '4', NULL, NULL, NULL, NULL, NULL, NULL, NULL, NULL, NULL);
INSERT INTO `mydb`.`Levelabhängige Klasse` (`idLevelabhängige Klasse`, `Stufe`, `GAB`, `REF`, `WIL`, `ZÄH`, `Speziell`, `Klassen_idKlassen`, `Zauber pro Tag 0.`, `Zauber pro Tag 1.`, `Zauber pro Tag 2.`, `Zauber pro Tag 3.`, `Zauber pro Tag 4.`, `Zauber pro Tag 5.`, `Zauber pro Tag 6.`, `Zauber pro Tag 7.`, `Zauber pro Tag 8.`, `Zauber pro Tag 9.`, `Schlaghagel Angriffbonus`, `Waffenloser Schaden`, `RK-Bonus`, `Bewegungsbonus`) VALUES (70, 10, '5', 3, 7, 3, NULL, 'Hexenmeister', '0', '6', '6', '6', '5', '3', NULL, NULL, NULL, NULL, NULL, NULL, NULL, NULL);
INSERT INTO `mydb`.`Levelabhängige Klasse` (`idLevelabhängige Klasse`, `Stufe`, `GAB`, `REF`, `WIL`, `ZÄH`, `Speziell`, `Klassen_idKlassen`, `Zauber pro Tag 0.`, `Zauber pro Tag 1.`, `Zauber pro Tag 2.`, `Zauber pro Tag 3.`, `Zauber pro Tag 4.`, `Zauber pro Tag 5.`, `Zauber pro Tag 6.`, `Zauber pro Tag 7.`, `Zauber pro Tag 8.`, `Zauber pro Tag 9.`, `Schlaghagel Angriffbonus`, `Waffenloser Schaden`, `RK-Bonus`, `Bewegungsbonus`) VALUES (71, 11, '5', 3, 7, 3, 'Zauber des Blutes', 'Hexenmeister', '0', '6', '6', '6', '6', '4', NULL, NULL, NULL, NULL, NULL, NULL, NULL, NULL);
INSERT INTO `mydb`.`Levelabhängige Klasse` (`idLevelabhängige Klasse`, `Stufe`, `GAB`, `REF`, `WIL`, `ZÄH`, `Speziell`, `Klassen_idKlassen`, `Zauber pro Tag 0.`, `Zauber pro Tag 1.`, `Zauber pro Tag 2.`, `Zauber pro Tag 3.`, `Zauber pro Tag 4.`, `Zauber pro Tag 5.`, `Zauber pro Tag 6.`, `Zauber pro Tag 7.`, `Zauber pro Tag 8.`, `Zauber pro Tag 9.`, `Schlaghagel Angriffbonus`, `Waffenloser Schaden`, `RK-Bonus`, `Bewegungsbonus`) VALUES (72, 12, '6/1', 4, 8, 4, NULL, 'Hexenmeister', '0', '6', '6', '6', '6', '5', '3', NULL, NULL, NULL, NULL, NULL, NULL, NULL);
INSERT INTO `mydb`.`Levelabhängige Klasse` (`idLevelabhängige Klasse`, `Stufe`, `GAB`, `REF`, `WIL`, `ZÄH`, `Speziell`, `Klassen_idKlassen`, `Zauber pro Tag 0.`, `Zauber pro Tag 1.`, `Zauber pro Tag 2.`, `Zauber pro Tag 3.`, `Zauber pro Tag 4.`, `Zauber pro Tag 5.`, `Zauber pro Tag 6.`, `Zauber pro Tag 7.`, `Zauber pro Tag 8.`, `Zauber pro Tag 9.`, `Schlaghagel Angriffbonus`, `Waffenloser Schaden`, `RK-Bonus`, `Bewegungsbonus`) VALUES (73, 13, '6/1', 4, 8, 4, 'Talent des Blutes, Zauber des Blutes', 'Hexenmeister', '0', '6', '6', '6', '6', '6', '4', NULL, NULL, NULL, NULL, NULL, NULL, NULL);
INSERT INTO `mydb`.`Levelabhängige Klasse` (`idLevelabhängige Klasse`, `Stufe`, `GAB`, `REF`, `WIL`, `ZÄH`, `Speziell`, `Klassen_idKlassen`, `Zauber pro Tag 0.`, `Zauber pro Tag 1.`, `Zauber pro Tag 2.`, `Zauber pro Tag 3.`, `Zauber pro Tag 4.`, `Zauber pro Tag 5.`, `Zauber pro Tag 6.`, `Zauber pro Tag 7.`, `Zauber pro Tag 8.`, `Zauber pro Tag 9.`, `Schlaghagel Angriffbonus`, `Waffenloser Schaden`, `RK-Bonus`, `Bewegungsbonus`) VALUES (74, 14, '7/2', 4, 9, 4, NULL, 'Hexenmeister', '0', '6', '6', '6', '6', '6', '5', '3', NULL, NULL, NULL, NULL, NULL, NULL);
INSERT INTO `mydb`.`Levelabhängige Klasse` (`idLevelabhängige Klasse`, `Stufe`, `GAB`, `REF`, `WIL`, `ZÄH`, `Speziell`, `Klassen_idKlassen`, `Zauber pro Tag 0.`, `Zauber pro Tag 1.`, `Zauber pro Tag 2.`, `Zauber pro Tag 3.`, `Zauber pro Tag 4.`, `Zauber pro Tag 5.`, `Zauber pro Tag 6.`, `Zauber pro Tag 7.`, `Zauber pro Tag 8.`, `Zauber pro Tag 9.`, `Schlaghagel Angriffbonus`, `Waffenloser Schaden`, `RK-Bonus`, `Bewegungsbonus`) VALUES (75, 15, '7/2', 5, 9, 5, 'Macht des Blutes, Zauber des Blutes', 'Hexenmeister', '0', '6', '6', '6', '6', '6', '6', '4', NULL, NULL, NULL, NULL, NULL, NULL);
INSERT INTO `mydb`.`Levelabhängige Klasse` (`idLevelabhängige Klasse`, `Stufe`, `GAB`, `REF`, `WIL`, `ZÄH`, `Speziell`, `Klassen_idKlassen`, `Zauber pro Tag 0.`, `Zauber pro Tag 1.`, `Zauber pro Tag 2.`, `Zauber pro Tag 3.`, `Zauber pro Tag 4.`, `Zauber pro Tag 5.`, `Zauber pro Tag 6.`, `Zauber pro Tag 7.`, `Zauber pro Tag 8.`, `Zauber pro Tag 9.`, `Schlaghagel Angriffbonus`, `Waffenloser Schaden`, `RK-Bonus`, `Bewegungsbonus`) VALUES (76, 16, '8/3', 5, 10, 5, NULL, 'Hexenmeister', '0', '6', '6', '6', '6', '6', '6', '5', '3', NULL, NULL, NULL, NULL, NULL);
INSERT INTO `mydb`.`Levelabhängige Klasse` (`idLevelabhängige Klasse`, `Stufe`, `GAB`, `REF`, `WIL`, `ZÄH`, `Speziell`, `Klassen_idKlassen`, `Zauber pro Tag 0.`, `Zauber pro Tag 1.`, `Zauber pro Tag 2.`, `Zauber pro Tag 3.`, `Zauber pro Tag 4.`, `Zauber pro Tag 5.`, `Zauber pro Tag 6.`, `Zauber pro Tag 7.`, `Zauber pro Tag 8.`, `Zauber pro Tag 9.`, `Schlaghagel Angriffbonus`, `Waffenloser Schaden`, `RK-Bonus`, `Bewegungsbonus`) VALUES (77, 17, '8/3', 5, 10, 5, 'Zauber des Blutes', 'Hexenmeister', '0', '6', '6', '6', '6', '6', '6', '6', '4', NULL, NULL, NULL, NULL, NULL);
INSERT INTO `mydb`.`Levelabhängige Klasse` (`idLevelabhängige Klasse`, `Stufe`, `GAB`, `REF`, `WIL`, `ZÄH`, `Speziell`, `Klassen_idKlassen`, `Zauber pro Tag 0.`, `Zauber pro Tag 1.`, `Zauber pro Tag 2.`, `Zauber pro Tag 3.`, `Zauber pro Tag 4.`, `Zauber pro Tag 5.`, `Zauber pro Tag 6.`, `Zauber pro Tag 7.`, `Zauber pro Tag 8.`, `Zauber pro Tag 9.`, `Schlaghagel Angriffbonus`, `Waffenloser Schaden`, `RK-Bonus`, `Bewegungsbonus`) VALUES (78, 18, '9/4', 6, 11, 6, NULL, 'Hexenmeister', '0', '6', '6', '6', '6', '6', '6', '6', '5', '3', NULL, NULL, NULL, NULL);
INSERT INTO `mydb`.`Levelabhängige Klasse` (`idLevelabhängige Klasse`, `Stufe`, `GAB`, `REF`, `WIL`, `ZÄH`, `Speziell`, `Klassen_idKlassen`, `Zauber pro Tag 0.`, `Zauber pro Tag 1.`, `Zauber pro Tag 2.`, `Zauber pro Tag 3.`, `Zauber pro Tag 4.`, `Zauber pro Tag 5.`, `Zauber pro Tag 6.`, `Zauber pro Tag 7.`, `Zauber pro Tag 8.`, `Zauber pro Tag 9.`, `Schlaghagel Angriffbonus`, `Waffenloser Schaden`, `RK-Bonus`, `Bewegungsbonus`) VALUES (79, 19, '9/4', 6, 11, 6, 'Talent des Blutes, Zauber des Blutes', 'Hexenmeister', '0', '6', '6', '6', '6', '6', '6', '6', '6', '4', NULL, NULL, NULL, NULL);
INSERT INTO `mydb`.`Levelabhängige Klasse` (`idLevelabhängige Klasse`, `Stufe`, `GAB`, `REF`, `WIL`, `ZÄH`, `Speziell`, `Klassen_idKlassen`, `Zauber pro Tag 0.`, `Zauber pro Tag 1.`, `Zauber pro Tag 2.`, `Zauber pro Tag 3.`, `Zauber pro Tag 4.`, `Zauber pro Tag 5.`, `Zauber pro Tag 6.`, `Zauber pro Tag 7.`, `Zauber pro Tag 8.`, `Zauber pro Tag 9.`, `Schlaghagel Angriffbonus`, `Waffenloser Schaden`, `RK-Bonus`, `Bewegungsbonus`) VALUES (80, 20, '10/5', 6, 12, 6, 'Macht des Blutes', 'Hexenmeister', '0', '6', '6', '6', '6', '6', '6', '6', '6', '6', NULL, NULL, NULL, NULL);
INSERT INTO `mydb`.`Levelabhängige Klasse` (`idLevelabhängige Klasse`, `Stufe`, `GAB`, `REF`, `WIL`, `ZÄH`, `Speziell`, `Klassen_idKlassen`, `Zauber pro Tag 0.`, `Zauber pro Tag 1.`, `Zauber pro Tag 2.`, `Zauber pro Tag 3.`, `Zauber pro Tag 4.`, `Zauber pro Tag 5.`, `Zauber pro Tag 6.`, `Zauber pro Tag 7.`, `Zauber pro Tag 8.`, `Zauber pro Tag 9.`, `Schlaghagel Angriffbonus`, `Waffenloser Schaden`, `RK-Bonus`, `Bewegungsbonus`) VALUES (81, 1, '1', 0, 0, 2, 'Bonustalent', 'Kämpfer', NULL, NULL, NULL, NULL, NULL, NULL, NULL, NULL, NULL, NULL, NULL, NULL, NULL, NULL);
INSERT INTO `mydb`.`Levelabhängige Klasse` (`idLevelabhängige Klasse`, `Stufe`, `GAB`, `REF`, `WIL`, `ZÄH`, `Speziell`, `Klassen_idKlassen`, `Zauber pro Tag 0.`, `Zauber pro Tag 1.`, `Zauber pro Tag 2.`, `Zauber pro Tag 3.`, `Zauber pro Tag 4.`, `Zauber pro Tag 5.`, `Zauber pro Tag 6.`, `Zauber pro Tag 7.`, `Zauber pro Tag 8.`, `Zauber pro Tag 9.`, `Schlaghagel Angriffbonus`, `Waffenloser Schaden`, `RK-Bonus`, `Bewegungsbonus`) VALUES (82, 2, '2', 0, 0, 3, 'Bonustalent, Tapferkeit +1', 'Kämpfer', NULL, NULL, NULL, NULL, NULL, NULL, NULL, NULL, NULL, NULL, NULL, NULL, NULL, NULL);
INSERT INTO `mydb`.`Levelabhängige Klasse` (`idLevelabhängige Klasse`, `Stufe`, `GAB`, `REF`, `WIL`, `ZÄH`, `Speziell`, `Klassen_idKlassen`, `Zauber pro Tag 0.`, `Zauber pro Tag 1.`, `Zauber pro Tag 2.`, `Zauber pro Tag 3.`, `Zauber pro Tag 4.`, `Zauber pro Tag 5.`, `Zauber pro Tag 6.`, `Zauber pro Tag 7.`, `Zauber pro Tag 8.`, `Zauber pro Tag 9.`, `Schlaghagel Angriffbonus`, `Waffenloser Schaden`, `RK-Bonus`, `Bewegungsbonus`) VALUES (83, 3, '3', 1, 1, 3, 'Rüstungstraining 1', 'Kämpfer', NULL, NULL, NULL, NULL, NULL, NULL, NULL, NULL, NULL, NULL, NULL, NULL, NULL, NULL);
INSERT INTO `mydb`.`Levelabhängige Klasse` (`idLevelabhängige Klasse`, `Stufe`, `GAB`, `REF`, `WIL`, `ZÄH`, `Speziell`, `Klassen_idKlassen`, `Zauber pro Tag 0.`, `Zauber pro Tag 1.`, `Zauber pro Tag 2.`, `Zauber pro Tag 3.`, `Zauber pro Tag 4.`, `Zauber pro Tag 5.`, `Zauber pro Tag 6.`, `Zauber pro Tag 7.`, `Zauber pro Tag 8.`, `Zauber pro Tag 9.`, `Schlaghagel Angriffbonus`, `Waffenloser Schaden`, `RK-Bonus`, `Bewegungsbonus`) VALUES (84, 4, '4', 1, 1, 4, 'Bonustalent', 'Kämpfer', NULL, NULL, NULL, NULL, NULL, NULL, NULL, NULL, NULL, NULL, NULL, NULL, NULL, NULL);
INSERT INTO `mydb`.`Levelabhängige Klasse` (`idLevelabhängige Klasse`, `Stufe`, `GAB`, `REF`, `WIL`, `ZÄH`, `Speziell`, `Klassen_idKlassen`, `Zauber pro Tag 0.`, `Zauber pro Tag 1.`, `Zauber pro Tag 2.`, `Zauber pro Tag 3.`, `Zauber pro Tag 4.`, `Zauber pro Tag 5.`, `Zauber pro Tag 6.`, `Zauber pro Tag 7.`, `Zauber pro Tag 8.`, `Zauber pro Tag 9.`, `Schlaghagel Angriffbonus`, `Waffenloser Schaden`, `RK-Bonus`, `Bewegungsbonus`) VALUES (85, 5, '5', 1, 1, 4, 'Waffentraining 1', 'Kämpfer', NULL, NULL, NULL, NULL, NULL, NULL, NULL, NULL, NULL, NULL, NULL, NULL, NULL, NULL);
INSERT INTO `mydb`.`Levelabhängige Klasse` (`idLevelabhängige Klasse`, `Stufe`, `GAB`, `REF`, `WIL`, `ZÄH`, `Speziell`, `Klassen_idKlassen`, `Zauber pro Tag 0.`, `Zauber pro Tag 1.`, `Zauber pro Tag 2.`, `Zauber pro Tag 3.`, `Zauber pro Tag 4.`, `Zauber pro Tag 5.`, `Zauber pro Tag 6.`, `Zauber pro Tag 7.`, `Zauber pro Tag 8.`, `Zauber pro Tag 9.`, `Schlaghagel Angriffbonus`, `Waffenloser Schaden`, `RK-Bonus`, `Bewegungsbonus`) VALUES (86, 6, '6/1', 2, 2, 5, 'Bonustalent, Tapferkeit +2', 'Kämpfer', NULL, NULL, NULL, NULL, NULL, NULL, NULL, NULL, NULL, NULL, NULL, NULL, NULL, NULL);
INSERT INTO `mydb`.`Levelabhängige Klasse` (`idLevelabhängige Klasse`, `Stufe`, `GAB`, `REF`, `WIL`, `ZÄH`, `Speziell`, `Klassen_idKlassen`, `Zauber pro Tag 0.`, `Zauber pro Tag 1.`, `Zauber pro Tag 2.`, `Zauber pro Tag 3.`, `Zauber pro Tag 4.`, `Zauber pro Tag 5.`, `Zauber pro Tag 6.`, `Zauber pro Tag 7.`, `Zauber pro Tag 8.`, `Zauber pro Tag 9.`, `Schlaghagel Angriffbonus`, `Waffenloser Schaden`, `RK-Bonus`, `Bewegungsbonus`) VALUES (87, 7, '7/2', 2, 2, 5, 'Rüstungstraining 2', 'Kämpfer', NULL, NULL, NULL, NULL, NULL, NULL, NULL, NULL, NULL, NULL, NULL, NULL, NULL, NULL);
INSERT INTO `mydb`.`Levelabhängige Klasse` (`idLevelabhängige Klasse`, `Stufe`, `GAB`, `REF`, `WIL`, `ZÄH`, `Speziell`, `Klassen_idKlassen`, `Zauber pro Tag 0.`, `Zauber pro Tag 1.`, `Zauber pro Tag 2.`, `Zauber pro Tag 3.`, `Zauber pro Tag 4.`, `Zauber pro Tag 5.`, `Zauber pro Tag 6.`, `Zauber pro Tag 7.`, `Zauber pro Tag 8.`, `Zauber pro Tag 9.`, `Schlaghagel Angriffbonus`, `Waffenloser Schaden`, `RK-Bonus`, `Bewegungsbonus`) VALUES (88, 8, '8/3', 2, 2, 6, 'Bonustalent', 'Kämpfer', NULL, NULL, NULL, NULL, NULL, NULL, NULL, NULL, NULL, NULL, NULL, NULL, NULL, NULL);
INSERT INTO `mydb`.`Levelabhängige Klasse` (`idLevelabhängige Klasse`, `Stufe`, `GAB`, `REF`, `WIL`, `ZÄH`, `Speziell`, `Klassen_idKlassen`, `Zauber pro Tag 0.`, `Zauber pro Tag 1.`, `Zauber pro Tag 2.`, `Zauber pro Tag 3.`, `Zauber pro Tag 4.`, `Zauber pro Tag 5.`, `Zauber pro Tag 6.`, `Zauber pro Tag 7.`, `Zauber pro Tag 8.`, `Zauber pro Tag 9.`, `Schlaghagel Angriffbonus`, `Waffenloser Schaden`, `RK-Bonus`, `Bewegungsbonus`) VALUES (89, 9, '9/4', 3, 3, 6, 'Waffentraining 2', 'Kämpfer', NULL, NULL, NULL, NULL, NULL, NULL, NULL, NULL, NULL, NULL, NULL, NULL, NULL, NULL);
INSERT INTO `mydb`.`Levelabhängige Klasse` (`idLevelabhängige Klasse`, `Stufe`, `GAB`, `REF`, `WIL`, `ZÄH`, `Speziell`, `Klassen_idKlassen`, `Zauber pro Tag 0.`, `Zauber pro Tag 1.`, `Zauber pro Tag 2.`, `Zauber pro Tag 3.`, `Zauber pro Tag 4.`, `Zauber pro Tag 5.`, `Zauber pro Tag 6.`, `Zauber pro Tag 7.`, `Zauber pro Tag 8.`, `Zauber pro Tag 9.`, `Schlaghagel Angriffbonus`, `Waffenloser Schaden`, `RK-Bonus`, `Bewegungsbonus`) VALUES (90, 10, '10/5', 3, 3, 7, 'Bonustalent, Tapferkeit +3', 'Kämpfer', NULL, NULL, NULL, NULL, NULL, NULL, NULL, NULL, NULL, NULL, NULL, NULL, NULL, NULL);
INSERT INTO `mydb`.`Levelabhängige Klasse` (`idLevelabhängige Klasse`, `Stufe`, `GAB`, `REF`, `WIL`, `ZÄH`, `Speziell`, `Klassen_idKlassen`, `Zauber pro Tag 0.`, `Zauber pro Tag 1.`, `Zauber pro Tag 2.`, `Zauber pro Tag 3.`, `Zauber pro Tag 4.`, `Zauber pro Tag 5.`, `Zauber pro Tag 6.`, `Zauber pro Tag 7.`, `Zauber pro Tag 8.`, `Zauber pro Tag 9.`, `Schlaghagel Angriffbonus`, `Waffenloser Schaden`, `RK-Bonus`, `Bewegungsbonus`) VALUES (91, 11, '11/6/1', 3, 3, 7, 'Rüstungstraining 3', 'Kämpfer', NULL, NULL, NULL, NULL, NULL, NULL, NULL, NULL, NULL, NULL, NULL, NULL, NULL, NULL);
INSERT INTO `mydb`.`Levelabhängige Klasse` (`idLevelabhängige Klasse`, `Stufe`, `GAB`, `REF`, `WIL`, `ZÄH`, `Speziell`, `Klassen_idKlassen`, `Zauber pro Tag 0.`, `Zauber pro Tag 1.`, `Zauber pro Tag 2.`, `Zauber pro Tag 3.`, `Zauber pro Tag 4.`, `Zauber pro Tag 5.`, `Zauber pro Tag 6.`, `Zauber pro Tag 7.`, `Zauber pro Tag 8.`, `Zauber pro Tag 9.`, `Schlaghagel Angriffbonus`, `Waffenloser Schaden`, `RK-Bonus`, `Bewegungsbonus`) VALUES (92, 12, '12/7/2', 4, 4, 8, 'Bonustalent', 'Kämpfer', NULL, NULL, NULL, NULL, NULL, NULL, NULL, NULL, NULL, NULL, NULL, NULL, NULL, NULL);
INSERT INTO `mydb`.`Levelabhängige Klasse` (`idLevelabhängige Klasse`, `Stufe`, `GAB`, `REF`, `WIL`, `ZÄH`, `Speziell`, `Klassen_idKlassen`, `Zauber pro Tag 0.`, `Zauber pro Tag 1.`, `Zauber pro Tag 2.`, `Zauber pro Tag 3.`, `Zauber pro Tag 4.`, `Zauber pro Tag 5.`, `Zauber pro Tag 6.`, `Zauber pro Tag 7.`, `Zauber pro Tag 8.`, `Zauber pro Tag 9.`, `Schlaghagel Angriffbonus`, `Waffenloser Schaden`, `RK-Bonus`, `Bewegungsbonus`) VALUES (93, 13, '13/8/3', 4, 4, 8, 'Waffentraining 3', 'Kämpfer', NULL, NULL, NULL, NULL, NULL, NULL, NULL, NULL, NULL, NULL, NULL, NULL, NULL, NULL);
INSERT INTO `mydb`.`Levelabhängige Klasse` (`idLevelabhängige Klasse`, `Stufe`, `GAB`, `REF`, `WIL`, `ZÄH`, `Speziell`, `Klassen_idKlassen`, `Zauber pro Tag 0.`, `Zauber pro Tag 1.`, `Zauber pro Tag 2.`, `Zauber pro Tag 3.`, `Zauber pro Tag 4.`, `Zauber pro Tag 5.`, `Zauber pro Tag 6.`, `Zauber pro Tag 7.`, `Zauber pro Tag 8.`, `Zauber pro Tag 9.`, `Schlaghagel Angriffbonus`, `Waffenloser Schaden`, `RK-Bonus`, `Bewegungsbonus`) VALUES (94, 14, '14/9/4', 4, 4, 9, 'Bonustalent, Tapferkeit +4', 'Kämpfer', NULL, NULL, NULL, NULL, NULL, NULL, NULL, NULL, NULL, NULL, NULL, NULL, NULL, NULL);
INSERT INTO `mydb`.`Levelabhängige Klasse` (`idLevelabhängige Klasse`, `Stufe`, `GAB`, `REF`, `WIL`, `ZÄH`, `Speziell`, `Klassen_idKlassen`, `Zauber pro Tag 0.`, `Zauber pro Tag 1.`, `Zauber pro Tag 2.`, `Zauber pro Tag 3.`, `Zauber pro Tag 4.`, `Zauber pro Tag 5.`, `Zauber pro Tag 6.`, `Zauber pro Tag 7.`, `Zauber pro Tag 8.`, `Zauber pro Tag 9.`, `Schlaghagel Angriffbonus`, `Waffenloser Schaden`, `RK-Bonus`, `Bewegungsbonus`) VALUES (95, 15, '15/10/5', 5, 5, 9, 'Rüstungstraining 4', 'Kämpfer', NULL, NULL, NULL, NULL, NULL, NULL, NULL, NULL, NULL, NULL, NULL, NULL, NULL, NULL);
INSERT INTO `mydb`.`Levelabhängige Klasse` (`idLevelabhängige Klasse`, `Stufe`, `GAB`, `REF`, `WIL`, `ZÄH`, `Speziell`, `Klassen_idKlassen`, `Zauber pro Tag 0.`, `Zauber pro Tag 1.`, `Zauber pro Tag 2.`, `Zauber pro Tag 3.`, `Zauber pro Tag 4.`, `Zauber pro Tag 5.`, `Zauber pro Tag 6.`, `Zauber pro Tag 7.`, `Zauber pro Tag 8.`, `Zauber pro Tag 9.`, `Schlaghagel Angriffbonus`, `Waffenloser Schaden`, `RK-Bonus`, `Bewegungsbonus`) VALUES (96, 16, '16/11/6/1', 5, 5, 10, 'Bonustalent', 'Kämpfer', NULL, NULL, NULL, NULL, NULL, NULL, NULL, NULL, NULL, NULL, NULL, NULL, NULL, NULL);
INSERT INTO `mydb`.`Levelabhängige Klasse` (`idLevelabhängige Klasse`, `Stufe`, `GAB`, `REF`, `WIL`, `ZÄH`, `Speziell`, `Klassen_idKlassen`, `Zauber pro Tag 0.`, `Zauber pro Tag 1.`, `Zauber pro Tag 2.`, `Zauber pro Tag 3.`, `Zauber pro Tag 4.`, `Zauber pro Tag 5.`, `Zauber pro Tag 6.`, `Zauber pro Tag 7.`, `Zauber pro Tag 8.`, `Zauber pro Tag 9.`, `Schlaghagel Angriffbonus`, `Waffenloser Schaden`, `RK-Bonus`, `Bewegungsbonus`) VALUES (97, 17, '17/12/7/2', 5, 5, 10, 'Waffentraining 4', 'Kämpfer', NULL, NULL, NULL, NULL, NULL, NULL, NULL, NULL, NULL, NULL, NULL, NULL, NULL, NULL);
INSERT INTO `mydb`.`Levelabhängige Klasse` (`idLevelabhängige Klasse`, `Stufe`, `GAB`, `REF`, `WIL`, `ZÄH`, `Speziell`, `Klassen_idKlassen`, `Zauber pro Tag 0.`, `Zauber pro Tag 1.`, `Zauber pro Tag 2.`, `Zauber pro Tag 3.`, `Zauber pro Tag 4.`, `Zauber pro Tag 5.`, `Zauber pro Tag 6.`, `Zauber pro Tag 7.`, `Zauber pro Tag 8.`, `Zauber pro Tag 9.`, `Schlaghagel Angriffbonus`, `Waffenloser Schaden`, `RK-Bonus`, `Bewegungsbonus`) VALUES (98, 18, '18/13/8/3', 6, 6, 11, 'Bonustalent, Tapferkeit +5', 'Kämpfer', NULL, NULL, NULL, NULL, NULL, NULL, NULL, NULL, NULL, NULL, NULL, NULL, NULL, NULL);
INSERT INTO `mydb`.`Levelabhängige Klasse` (`idLevelabhängige Klasse`, `Stufe`, `GAB`, `REF`, `WIL`, `ZÄH`, `Speziell`, `Klassen_idKlassen`, `Zauber pro Tag 0.`, `Zauber pro Tag 1.`, `Zauber pro Tag 2.`, `Zauber pro Tag 3.`, `Zauber pro Tag 4.`, `Zauber pro Tag 5.`, `Zauber pro Tag 6.`, `Zauber pro Tag 7.`, `Zauber pro Tag 8.`, `Zauber pro Tag 9.`, `Schlaghagel Angriffbonus`, `Waffenloser Schaden`, `RK-Bonus`, `Bewegungsbonus`) VALUES (99, 19, '19/14/9/4', 6, 6, 11, 'Rüstungsmeisterschaft', 'Kämpfer', NULL, NULL, NULL, NULL, NULL, NULL, NULL, NULL, NULL, NULL, NULL, NULL, NULL, NULL);
INSERT INTO `mydb`.`Levelabhängige Klasse` (`idLevelabhängige Klasse`, `Stufe`, `GAB`, `REF`, `WIL`, `ZÄH`, `Speziell`, `Klassen_idKlassen`, `Zauber pro Tag 0.`, `Zauber pro Tag 1.`, `Zauber pro Tag 2.`, `Zauber pro Tag 3.`, `Zauber pro Tag 4.`, `Zauber pro Tag 5.`, `Zauber pro Tag 6.`, `Zauber pro Tag 7.`, `Zauber pro Tag 8.`, `Zauber pro Tag 9.`, `Schlaghagel Angriffbonus`, `Waffenloser Schaden`, `RK-Bonus`, `Bewegungsbonus`) VALUES (100, 20, '20/15/10/5', 6, 6, 12, 'Bonustalent, Waffenmeisterschaft', 'Kämpfer', NULL, NULL, NULL, NULL, NULL, NULL, NULL, NULL, NULL, NULL, NULL, NULL, NULL, NULL);
INSERT INTO `mydb`.`Levelabhängige Klasse` (`idLevelabhängige Klasse`, `Stufe`, `GAB`, `REF`, `WIL`, `ZÄH`, `Speziell`, `Klassen_idKlassen`, `Zauber pro Tag 0.`, `Zauber pro Tag 1.`, `Zauber pro Tag 2.`, `Zauber pro Tag 3.`, `Zauber pro Tag 4.`, `Zauber pro Tag 5.`, `Zauber pro Tag 6.`, `Zauber pro Tag 7.`, `Zauber pro Tag 8.`, `Zauber pro Tag 9.`, `Schlaghagel Angriffbonus`, `Waffenloser Schaden`, `RK-Bonus`, `Bewegungsbonus`) VALUES (101, 1, '0', 0, 2, 2, 'Aura, Domänen, Gebete, Energie fokussieren 1W6', 'Kleriker', '3', '1+1', NULL, NULL, NULL, NULL, NULL, NULL, NULL, NULL, NULL, NULL, NULL, NULL);
INSERT INTO `mydb`.`Levelabhängige Klasse` (`idLevelabhängige Klasse`, `Stufe`, `GAB`, `REF`, `WIL`, `ZÄH`, `Speziell`, `Klassen_idKlassen`, `Zauber pro Tag 0.`, `Zauber pro Tag 1.`, `Zauber pro Tag 2.`, `Zauber pro Tag 3.`, `Zauber pro Tag 4.`, `Zauber pro Tag 5.`, `Zauber pro Tag 6.`, `Zauber pro Tag 7.`, `Zauber pro Tag 8.`, `Zauber pro Tag 9.`, `Schlaghagel Angriffbonus`, `Waffenloser Schaden`, `RK-Bonus`, `Bewegungsbonus`) VALUES (102, 2, '1', 0, 3, 3, NULL, 'Kleriker', '4', '2+1', NULL, NULL, NULL, NULL, NULL, NULL, NULL, NULL, NULL, NULL, NULL, NULL);
INSERT INTO `mydb`.`Levelabhängige Klasse` (`idLevelabhängige Klasse`, `Stufe`, `GAB`, `REF`, `WIL`, `ZÄH`, `Speziell`, `Klassen_idKlassen`, `Zauber pro Tag 0.`, `Zauber pro Tag 1.`, `Zauber pro Tag 2.`, `Zauber pro Tag 3.`, `Zauber pro Tag 4.`, `Zauber pro Tag 5.`, `Zauber pro Tag 6.`, `Zauber pro Tag 7.`, `Zauber pro Tag 8.`, `Zauber pro Tag 9.`, `Schlaghagel Angriffbonus`, `Waffenloser Schaden`, `RK-Bonus`, `Bewegungsbonus`) VALUES (103, 3, '2', 1, 3, 3, 'Energie fokussieren 2W6', 'Kleriker', '4', '2+1', '1+1', NULL, NULL, NULL, NULL, NULL, NULL, NULL, NULL, NULL, NULL, NULL);
INSERT INTO `mydb`.`Levelabhängige Klasse` (`idLevelabhängige Klasse`, `Stufe`, `GAB`, `REF`, `WIL`, `ZÄH`, `Speziell`, `Klassen_idKlassen`, `Zauber pro Tag 0.`, `Zauber pro Tag 1.`, `Zauber pro Tag 2.`, `Zauber pro Tag 3.`, `Zauber pro Tag 4.`, `Zauber pro Tag 5.`, `Zauber pro Tag 6.`, `Zauber pro Tag 7.`, `Zauber pro Tag 8.`, `Zauber pro Tag 9.`, `Schlaghagel Angriffbonus`, `Waffenloser Schaden`, `RK-Bonus`, `Bewegungsbonus`) VALUES (104, 4, '3', 1, 4, 4, NULL, 'Kleriker', '4', '3+1', '2+1', NULL, NULL, NULL, NULL, NULL, NULL, NULL, NULL, NULL, NULL, NULL);
INSERT INTO `mydb`.`Levelabhängige Klasse` (`idLevelabhängige Klasse`, `Stufe`, `GAB`, `REF`, `WIL`, `ZÄH`, `Speziell`, `Klassen_idKlassen`, `Zauber pro Tag 0.`, `Zauber pro Tag 1.`, `Zauber pro Tag 2.`, `Zauber pro Tag 3.`, `Zauber pro Tag 4.`, `Zauber pro Tag 5.`, `Zauber pro Tag 6.`, `Zauber pro Tag 7.`, `Zauber pro Tag 8.`, `Zauber pro Tag 9.`, `Schlaghagel Angriffbonus`, `Waffenloser Schaden`, `RK-Bonus`, `Bewegungsbonus`) VALUES (105, 5, '3', 1, 4, 4, 'Energie fokussieren 3W6', 'Kleriker', '4', '3+1', '2+1', '1+1', NULL, NULL, NULL, NULL, NULL, NULL, NULL, NULL, NULL, NULL);
INSERT INTO `mydb`.`Levelabhängige Klasse` (`idLevelabhängige Klasse`, `Stufe`, `GAB`, `REF`, `WIL`, `ZÄH`, `Speziell`, `Klassen_idKlassen`, `Zauber pro Tag 0.`, `Zauber pro Tag 1.`, `Zauber pro Tag 2.`, `Zauber pro Tag 3.`, `Zauber pro Tag 4.`, `Zauber pro Tag 5.`, `Zauber pro Tag 6.`, `Zauber pro Tag 7.`, `Zauber pro Tag 8.`, `Zauber pro Tag 9.`, `Schlaghagel Angriffbonus`, `Waffenloser Schaden`, `RK-Bonus`, `Bewegungsbonus`) VALUES (106, 6, '4', 2, 5, 5, NULL, 'Kleriker', '4', '3+1', '3+1', '2+1', NULL, NULL, NULL, NULL, NULL, NULL, NULL, NULL, NULL, NULL);
INSERT INTO `mydb`.`Levelabhängige Klasse` (`idLevelabhängige Klasse`, `Stufe`, `GAB`, `REF`, `WIL`, `ZÄH`, `Speziell`, `Klassen_idKlassen`, `Zauber pro Tag 0.`, `Zauber pro Tag 1.`, `Zauber pro Tag 2.`, `Zauber pro Tag 3.`, `Zauber pro Tag 4.`, `Zauber pro Tag 5.`, `Zauber pro Tag 6.`, `Zauber pro Tag 7.`, `Zauber pro Tag 8.`, `Zauber pro Tag 9.`, `Schlaghagel Angriffbonus`, `Waffenloser Schaden`, `RK-Bonus`, `Bewegungsbonus`) VALUES (107, 7, '5', 2, 5, 5, 'Energie fokussieren 4W6', 'Kleriker', '4', '4+1', '3+1', '2+1', '1+1', NULL, NULL, NULL, NULL, NULL, NULL, NULL, NULL, NULL);
INSERT INTO `mydb`.`Levelabhängige Klasse` (`idLevelabhängige Klasse`, `Stufe`, `GAB`, `REF`, `WIL`, `ZÄH`, `Speziell`, `Klassen_idKlassen`, `Zauber pro Tag 0.`, `Zauber pro Tag 1.`, `Zauber pro Tag 2.`, `Zauber pro Tag 3.`, `Zauber pro Tag 4.`, `Zauber pro Tag 5.`, `Zauber pro Tag 6.`, `Zauber pro Tag 7.`, `Zauber pro Tag 8.`, `Zauber pro Tag 9.`, `Schlaghagel Angriffbonus`, `Waffenloser Schaden`, `RK-Bonus`, `Bewegungsbonus`) VALUES (108, 8, '6/1', 2, 6, 6, NULL, 'Kleriker', '4', '4+1', '3+1', '3+1', '2+1', NULL, NULL, NULL, NULL, NULL, NULL, NULL, NULL, NULL);
INSERT INTO `mydb`.`Levelabhängige Klasse` (`idLevelabhängige Klasse`, `Stufe`, `GAB`, `REF`, `WIL`, `ZÄH`, `Speziell`, `Klassen_idKlassen`, `Zauber pro Tag 0.`, `Zauber pro Tag 1.`, `Zauber pro Tag 2.`, `Zauber pro Tag 3.`, `Zauber pro Tag 4.`, `Zauber pro Tag 5.`, `Zauber pro Tag 6.`, `Zauber pro Tag 7.`, `Zauber pro Tag 8.`, `Zauber pro Tag 9.`, `Schlaghagel Angriffbonus`, `Waffenloser Schaden`, `RK-Bonus`, `Bewegungsbonus`) VALUES (109, 9, '6/1', 3, 6, 6, 'Energie fokussieren 5W6', 'Kleriker', '4', '4+1', '4+1', '3+1', '2+1', '1+1', NULL, NULL, NULL, NULL, NULL, NULL, NULL, NULL);
INSERT INTO `mydb`.`Levelabhängige Klasse` (`idLevelabhängige Klasse`, `Stufe`, `GAB`, `REF`, `WIL`, `ZÄH`, `Speziell`, `Klassen_idKlassen`, `Zauber pro Tag 0.`, `Zauber pro Tag 1.`, `Zauber pro Tag 2.`, `Zauber pro Tag 3.`, `Zauber pro Tag 4.`, `Zauber pro Tag 5.`, `Zauber pro Tag 6.`, `Zauber pro Tag 7.`, `Zauber pro Tag 8.`, `Zauber pro Tag 9.`, `Schlaghagel Angriffbonus`, `Waffenloser Schaden`, `RK-Bonus`, `Bewegungsbonus`) VALUES (110, 10, '7/2', 3, 7, 7, NULL, 'Kleriker', '4', '4+1', '4+1', '3+1', '3+1', '2+1', NULL, NULL, NULL, NULL, NULL, NULL, NULL, NULL);
INSERT INTO `mydb`.`Levelabhängige Klasse` (`idLevelabhängige Klasse`, `Stufe`, `GAB`, `REF`, `WIL`, `ZÄH`, `Speziell`, `Klassen_idKlassen`, `Zauber pro Tag 0.`, `Zauber pro Tag 1.`, `Zauber pro Tag 2.`, `Zauber pro Tag 3.`, `Zauber pro Tag 4.`, `Zauber pro Tag 5.`, `Zauber pro Tag 6.`, `Zauber pro Tag 7.`, `Zauber pro Tag 8.`, `Zauber pro Tag 9.`, `Schlaghagel Angriffbonus`, `Waffenloser Schaden`, `RK-Bonus`, `Bewegungsbonus`) VALUES (111, 11, '8/3', 3, 7, 7, 'Energie fokussieren 6W6', 'Kleriker', '4', '4+1', '4+1', '4+1', '3+1', '2+1', '1+1', NULL, NULL, NULL, NULL, NULL, NULL, NULL);
INSERT INTO `mydb`.`Levelabhängige Klasse` (`idLevelabhängige Klasse`, `Stufe`, `GAB`, `REF`, `WIL`, `ZÄH`, `Speziell`, `Klassen_idKlassen`, `Zauber pro Tag 0.`, `Zauber pro Tag 1.`, `Zauber pro Tag 2.`, `Zauber pro Tag 3.`, `Zauber pro Tag 4.`, `Zauber pro Tag 5.`, `Zauber pro Tag 6.`, `Zauber pro Tag 7.`, `Zauber pro Tag 8.`, `Zauber pro Tag 9.`, `Schlaghagel Angriffbonus`, `Waffenloser Schaden`, `RK-Bonus`, `Bewegungsbonus`) VALUES (112, 12, '9/4', 4, 8, 8, NULL, 'Kleriker', '4', '4+1', '4+1', '4+1', '3+1', '3+1', '2+1', NULL, NULL, NULL, NULL, NULL, NULL, NULL);
INSERT INTO `mydb`.`Levelabhängige Klasse` (`idLevelabhängige Klasse`, `Stufe`, `GAB`, `REF`, `WIL`, `ZÄH`, `Speziell`, `Klassen_idKlassen`, `Zauber pro Tag 0.`, `Zauber pro Tag 1.`, `Zauber pro Tag 2.`, `Zauber pro Tag 3.`, `Zauber pro Tag 4.`, `Zauber pro Tag 5.`, `Zauber pro Tag 6.`, `Zauber pro Tag 7.`, `Zauber pro Tag 8.`, `Zauber pro Tag 9.`, `Schlaghagel Angriffbonus`, `Waffenloser Schaden`, `RK-Bonus`, `Bewegungsbonus`) VALUES (113, 13, '9/4', 4, 8, 8, 'Energie fokussieren 7W6', 'Kleriker', '4', '4+1', '4+1', '4+1', '4+1', '3+1', '2+1', '1+1', NULL, NULL, NULL, NULL, NULL, NULL);
INSERT INTO `mydb`.`Levelabhängige Klasse` (`idLevelabhängige Klasse`, `Stufe`, `GAB`, `REF`, `WIL`, `ZÄH`, `Speziell`, `Klassen_idKlassen`, `Zauber pro Tag 0.`, `Zauber pro Tag 1.`, `Zauber pro Tag 2.`, `Zauber pro Tag 3.`, `Zauber pro Tag 4.`, `Zauber pro Tag 5.`, `Zauber pro Tag 6.`, `Zauber pro Tag 7.`, `Zauber pro Tag 8.`, `Zauber pro Tag 9.`, `Schlaghagel Angriffbonus`, `Waffenloser Schaden`, `RK-Bonus`, `Bewegungsbonus`) VALUES (114, 14, '10/5', 4, 9, 9, NULL, 'Kleriker', '4', '4+1', '4+1', '4+1', '4+1', '3+1', '3+1', '2+1', NULL, NULL, NULL, NULL, NULL, NULL);
INSERT INTO `mydb`.`Levelabhängige Klasse` (`idLevelabhängige Klasse`, `Stufe`, `GAB`, `REF`, `WIL`, `ZÄH`, `Speziell`, `Klassen_idKlassen`, `Zauber pro Tag 0.`, `Zauber pro Tag 1.`, `Zauber pro Tag 2.`, `Zauber pro Tag 3.`, `Zauber pro Tag 4.`, `Zauber pro Tag 5.`, `Zauber pro Tag 6.`, `Zauber pro Tag 7.`, `Zauber pro Tag 8.`, `Zauber pro Tag 9.`, `Schlaghagel Angriffbonus`, `Waffenloser Schaden`, `RK-Bonus`, `Bewegungsbonus`) VALUES (115, 15, '11/6/1', 5, 9, 9, 'Energie fokussieren 8W6', 'Kleriker', '4', '4+1', '4+1', '4+1', '4+1', '4+1', '3+1', '2+1', '1+1', NULL, NULL, NULL, NULL, NULL);
INSERT INTO `mydb`.`Levelabhängige Klasse` (`idLevelabhängige Klasse`, `Stufe`, `GAB`, `REF`, `WIL`, `ZÄH`, `Speziell`, `Klassen_idKlassen`, `Zauber pro Tag 0.`, `Zauber pro Tag 1.`, `Zauber pro Tag 2.`, `Zauber pro Tag 3.`, `Zauber pro Tag 4.`, `Zauber pro Tag 5.`, `Zauber pro Tag 6.`, `Zauber pro Tag 7.`, `Zauber pro Tag 8.`, `Zauber pro Tag 9.`, `Schlaghagel Angriffbonus`, `Waffenloser Schaden`, `RK-Bonus`, `Bewegungsbonus`) VALUES (116, 16, '12/7/2', 5, 10, 10, NULL, 'Kleriker', '4', '4+1', '4+1', '4+1', '4+1', '4+1', '3+1', '3+1', '2+1', NULL, NULL, NULL, NULL, NULL);
INSERT INTO `mydb`.`Levelabhängige Klasse` (`idLevelabhängige Klasse`, `Stufe`, `GAB`, `REF`, `WIL`, `ZÄH`, `Speziell`, `Klassen_idKlassen`, `Zauber pro Tag 0.`, `Zauber pro Tag 1.`, `Zauber pro Tag 2.`, `Zauber pro Tag 3.`, `Zauber pro Tag 4.`, `Zauber pro Tag 5.`, `Zauber pro Tag 6.`, `Zauber pro Tag 7.`, `Zauber pro Tag 8.`, `Zauber pro Tag 9.`, `Schlaghagel Angriffbonus`, `Waffenloser Schaden`, `RK-Bonus`, `Bewegungsbonus`) VALUES (117, 17, '12/7/2', 5, 10, 10, 'Energie fokussieren 9W6', 'Kleriker', '4', '4+1', '4+1', '4+1', '4+1', '4+1', '4+1', '3+1', '2+1', '1+1', NULL, NULL, NULL, NULL);
INSERT INTO `mydb`.`Levelabhängige Klasse` (`idLevelabhängige Klasse`, `Stufe`, `GAB`, `REF`, `WIL`, `ZÄH`, `Speziell`, `Klassen_idKlassen`, `Zauber pro Tag 0.`, `Zauber pro Tag 1.`, `Zauber pro Tag 2.`, `Zauber pro Tag 3.`, `Zauber pro Tag 4.`, `Zauber pro Tag 5.`, `Zauber pro Tag 6.`, `Zauber pro Tag 7.`, `Zauber pro Tag 8.`, `Zauber pro Tag 9.`, `Schlaghagel Angriffbonus`, `Waffenloser Schaden`, `RK-Bonus`, `Bewegungsbonus`) VALUES (118, 18, '13/8/3', 6, 11, 11, NULL, 'Kleriker', '4', '4+1', '4+1', '4+1', '4+1', '4+1', '4+1', '3+1', '3+1', '2+1', NULL, NULL, NULL, NULL);
INSERT INTO `mydb`.`Levelabhängige Klasse` (`idLevelabhängige Klasse`, `Stufe`, `GAB`, `REF`, `WIL`, `ZÄH`, `Speziell`, `Klassen_idKlassen`, `Zauber pro Tag 0.`, `Zauber pro Tag 1.`, `Zauber pro Tag 2.`, `Zauber pro Tag 3.`, `Zauber pro Tag 4.`, `Zauber pro Tag 5.`, `Zauber pro Tag 6.`, `Zauber pro Tag 7.`, `Zauber pro Tag 8.`, `Zauber pro Tag 9.`, `Schlaghagel Angriffbonus`, `Waffenloser Schaden`, `RK-Bonus`, `Bewegungsbonus`) VALUES (119, 19, '14/9/4', 6, 11, 11, 'Energie fokussieren 10W6', 'Kleriker', '4', '4+1', '4+1', '4+1', '4+1', '4+1', '4+1', '4+1', '3+1', '3+1', NULL, NULL, NULL, NULL);
INSERT INTO `mydb`.`Levelabhängige Klasse` (`idLevelabhängige Klasse`, `Stufe`, `GAB`, `REF`, `WIL`, `ZÄH`, `Speziell`, `Klassen_idKlassen`, `Zauber pro Tag 0.`, `Zauber pro Tag 1.`, `Zauber pro Tag 2.`, `Zauber pro Tag 3.`, `Zauber pro Tag 4.`, `Zauber pro Tag 5.`, `Zauber pro Tag 6.`, `Zauber pro Tag 7.`, `Zauber pro Tag 8.`, `Zauber pro Tag 9.`, `Schlaghagel Angriffbonus`, `Waffenloser Schaden`, `RK-Bonus`, `Bewegungsbonus`) VALUES (120, 20, '15/10/5', 6, 12, 12, NULL, 'Kleriker', '4', '4+1', '4+1', '4+1', '4+1', '4+1', '4+1', '4+1', '4+1', '4+1', NULL, NULL, NULL, NULL);
INSERT INTO `mydb`.`Levelabhängige Klasse` (`idLevelabhängige Klasse`, `Stufe`, `GAB`, `REF`, `WIL`, `ZÄH`, `Speziell`, `Klassen_idKlassen`, `Zauber pro Tag 0.`, `Zauber pro Tag 1.`, `Zauber pro Tag 2.`, `Zauber pro Tag 3.`, `Zauber pro Tag 4.`, `Zauber pro Tag 5.`, `Zauber pro Tag 6.`, `Zauber pro Tag 7.`, `Zauber pro Tag 8.`, `Zauber pro Tag 9.`, `Schlaghagel Angriffbonus`, `Waffenloser Schaden`, `RK-Bonus`, `Bewegungsbonus`) VALUES (121, 1, '0', 0, 2, 0, 'Arkane Schule, Arkane Verbindung, Schriftrolle anfertigen, Zaubertricks', 'Magier', '3', '1', NULL, NULL, NULL, NULL, NULL, NULL, NULL, NULL, NULL, NULL, NULL, NULL);
INSERT INTO `mydb`.`Levelabhängige Klasse` (`idLevelabhängige Klasse`, `Stufe`, `GAB`, `REF`, `WIL`, `ZÄH`, `Speziell`, `Klassen_idKlassen`, `Zauber pro Tag 0.`, `Zauber pro Tag 1.`, `Zauber pro Tag 2.`, `Zauber pro Tag 3.`, `Zauber pro Tag 4.`, `Zauber pro Tag 5.`, `Zauber pro Tag 6.`, `Zauber pro Tag 7.`, `Zauber pro Tag 8.`, `Zauber pro Tag 9.`, `Schlaghagel Angriffbonus`, `Waffenloser Schaden`, `RK-Bonus`, `Bewegungsbonus`) VALUES (122, 2, '1', 0, 3, 0, NULL, 'Magier', '4', '2', NULL, NULL, NULL, NULL, NULL, NULL, NULL, NULL, NULL, NULL, NULL, NULL);
INSERT INTO `mydb`.`Levelabhängige Klasse` (`idLevelabhängige Klasse`, `Stufe`, `GAB`, `REF`, `WIL`, `ZÄH`, `Speziell`, `Klassen_idKlassen`, `Zauber pro Tag 0.`, `Zauber pro Tag 1.`, `Zauber pro Tag 2.`, `Zauber pro Tag 3.`, `Zauber pro Tag 4.`, `Zauber pro Tag 5.`, `Zauber pro Tag 6.`, `Zauber pro Tag 7.`, `Zauber pro Tag 8.`, `Zauber pro Tag 9.`, `Schlaghagel Angriffbonus`, `Waffenloser Schaden`, `RK-Bonus`, `Bewegungsbonus`) VALUES (123, 3, '1', 1, 3, 1, NULL, 'Magier', '4', '2', '1', NULL, NULL, NULL, NULL, NULL, NULL, NULL, NULL, NULL, NULL, NULL);
INSERT INTO `mydb`.`Levelabhängige Klasse` (`idLevelabhängige Klasse`, `Stufe`, `GAB`, `REF`, `WIL`, `ZÄH`, `Speziell`, `Klassen_idKlassen`, `Zauber pro Tag 0.`, `Zauber pro Tag 1.`, `Zauber pro Tag 2.`, `Zauber pro Tag 3.`, `Zauber pro Tag 4.`, `Zauber pro Tag 5.`, `Zauber pro Tag 6.`, `Zauber pro Tag 7.`, `Zauber pro Tag 8.`, `Zauber pro Tag 9.`, `Schlaghagel Angriffbonus`, `Waffenloser Schaden`, `RK-Bonus`, `Bewegungsbonus`) VALUES (124, 4, '2', 1, 4, 1, NULL, 'Magier', '4', '3', '2', NULL, NULL, NULL, NULL, NULL, NULL, NULL, NULL, NULL, NULL, NULL);
INSERT INTO `mydb`.`Levelabhängige Klasse` (`idLevelabhängige Klasse`, `Stufe`, `GAB`, `REF`, `WIL`, `ZÄH`, `Speziell`, `Klassen_idKlassen`, `Zauber pro Tag 0.`, `Zauber pro Tag 1.`, `Zauber pro Tag 2.`, `Zauber pro Tag 3.`, `Zauber pro Tag 4.`, `Zauber pro Tag 5.`, `Zauber pro Tag 6.`, `Zauber pro Tag 7.`, `Zauber pro Tag 8.`, `Zauber pro Tag 9.`, `Schlaghagel Angriffbonus`, `Waffenloser Schaden`, `RK-Bonus`, `Bewegungsbonus`) VALUES (125, 5, '2', 1, 4, 1, 'Bonustalent', 'Magier', '4', '3', '2', '1', NULL, NULL, NULL, NULL, NULL, NULL, NULL, NULL, NULL, NULL);
INSERT INTO `mydb`.`Levelabhängige Klasse` (`idLevelabhängige Klasse`, `Stufe`, `GAB`, `REF`, `WIL`, `ZÄH`, `Speziell`, `Klassen_idKlassen`, `Zauber pro Tag 0.`, `Zauber pro Tag 1.`, `Zauber pro Tag 2.`, `Zauber pro Tag 3.`, `Zauber pro Tag 4.`, `Zauber pro Tag 5.`, `Zauber pro Tag 6.`, `Zauber pro Tag 7.`, `Zauber pro Tag 8.`, `Zauber pro Tag 9.`, `Schlaghagel Angriffbonus`, `Waffenloser Schaden`, `RK-Bonus`, `Bewegungsbonus`) VALUES (126, 6, '3', 2, 5, 2, NULL, 'Magier', '4', '3', '3', '2', NULL, NULL, NULL, NULL, NULL, NULL, NULL, NULL, NULL, NULL);
INSERT INTO `mydb`.`Levelabhängige Klasse` (`idLevelabhängige Klasse`, `Stufe`, `GAB`, `REF`, `WIL`, `ZÄH`, `Speziell`, `Klassen_idKlassen`, `Zauber pro Tag 0.`, `Zauber pro Tag 1.`, `Zauber pro Tag 2.`, `Zauber pro Tag 3.`, `Zauber pro Tag 4.`, `Zauber pro Tag 5.`, `Zauber pro Tag 6.`, `Zauber pro Tag 7.`, `Zauber pro Tag 8.`, `Zauber pro Tag 9.`, `Schlaghagel Angriffbonus`, `Waffenloser Schaden`, `RK-Bonus`, `Bewegungsbonus`) VALUES (127, 7, '3', 2, 5, 2, NULL, 'Magier', '4', '4', '3', '2', '1', NULL, NULL, NULL, NULL, NULL, NULL, NULL, NULL, NULL);
INSERT INTO `mydb`.`Levelabhängige Klasse` (`idLevelabhängige Klasse`, `Stufe`, `GAB`, `REF`, `WIL`, `ZÄH`, `Speziell`, `Klassen_idKlassen`, `Zauber pro Tag 0.`, `Zauber pro Tag 1.`, `Zauber pro Tag 2.`, `Zauber pro Tag 3.`, `Zauber pro Tag 4.`, `Zauber pro Tag 5.`, `Zauber pro Tag 6.`, `Zauber pro Tag 7.`, `Zauber pro Tag 8.`, `Zauber pro Tag 9.`, `Schlaghagel Angriffbonus`, `Waffenloser Schaden`, `RK-Bonus`, `Bewegungsbonus`) VALUES (128, 8, '4', 2, 6, 2, NULL, 'Magier', '4', '4', '3', '3', '2', NULL, NULL, NULL, NULL, NULL, NULL, NULL, NULL, NULL);
INSERT INTO `mydb`.`Levelabhängige Klasse` (`idLevelabhängige Klasse`, `Stufe`, `GAB`, `REF`, `WIL`, `ZÄH`, `Speziell`, `Klassen_idKlassen`, `Zauber pro Tag 0.`, `Zauber pro Tag 1.`, `Zauber pro Tag 2.`, `Zauber pro Tag 3.`, `Zauber pro Tag 4.`, `Zauber pro Tag 5.`, `Zauber pro Tag 6.`, `Zauber pro Tag 7.`, `Zauber pro Tag 8.`, `Zauber pro Tag 9.`, `Schlaghagel Angriffbonus`, `Waffenloser Schaden`, `RK-Bonus`, `Bewegungsbonus`) VALUES (129, 9, '4', 3, 6, 3, NULL, 'Magier', '4', '4', '4', '3', '2', '1', NULL, NULL, NULL, NULL, NULL, NULL, NULL, NULL);
INSERT INTO `mydb`.`Levelabhängige Klasse` (`idLevelabhängige Klasse`, `Stufe`, `GAB`, `REF`, `WIL`, `ZÄH`, `Speziell`, `Klassen_idKlassen`, `Zauber pro Tag 0.`, `Zauber pro Tag 1.`, `Zauber pro Tag 2.`, `Zauber pro Tag 3.`, `Zauber pro Tag 4.`, `Zauber pro Tag 5.`, `Zauber pro Tag 6.`, `Zauber pro Tag 7.`, `Zauber pro Tag 8.`, `Zauber pro Tag 9.`, `Schlaghagel Angriffbonus`, `Waffenloser Schaden`, `RK-Bonus`, `Bewegungsbonus`) VALUES (130, 10, '5', 3, 7, 3, 'Bonustalent', 'Magier', '4', '4', '4', '3', '3', '2', NULL, NULL, NULL, NULL, NULL, NULL, NULL, NULL);
INSERT INTO `mydb`.`Levelabhängige Klasse` (`idLevelabhängige Klasse`, `Stufe`, `GAB`, `REF`, `WIL`, `ZÄH`, `Speziell`, `Klassen_idKlassen`, `Zauber pro Tag 0.`, `Zauber pro Tag 1.`, `Zauber pro Tag 2.`, `Zauber pro Tag 3.`, `Zauber pro Tag 4.`, `Zauber pro Tag 5.`, `Zauber pro Tag 6.`, `Zauber pro Tag 7.`, `Zauber pro Tag 8.`, `Zauber pro Tag 9.`, `Schlaghagel Angriffbonus`, `Waffenloser Schaden`, `RK-Bonus`, `Bewegungsbonus`) VALUES (131, 11, '5', 3, 7, 3, NULL, 'Magier', '4', '4', '4', '4', '3', '2', '1', NULL, NULL, NULL, NULL, NULL, NULL, NULL);
INSERT INTO `mydb`.`Levelabhängige Klasse` (`idLevelabhängige Klasse`, `Stufe`, `GAB`, `REF`, `WIL`, `ZÄH`, `Speziell`, `Klassen_idKlassen`, `Zauber pro Tag 0.`, `Zauber pro Tag 1.`, `Zauber pro Tag 2.`, `Zauber pro Tag 3.`, `Zauber pro Tag 4.`, `Zauber pro Tag 5.`, `Zauber pro Tag 6.`, `Zauber pro Tag 7.`, `Zauber pro Tag 8.`, `Zauber pro Tag 9.`, `Schlaghagel Angriffbonus`, `Waffenloser Schaden`, `RK-Bonus`, `Bewegungsbonus`) VALUES (132, 12, '6/1', 4, 8, 4, NULL, 'Magier', '4', '4', '4', '4', '3', '3', '2', NULL, NULL, NULL, NULL, NULL, NULL, NULL);
INSERT INTO `mydb`.`Levelabhängige Klasse` (`idLevelabhängige Klasse`, `Stufe`, `GAB`, `REF`, `WIL`, `ZÄH`, `Speziell`, `Klassen_idKlassen`, `Zauber pro Tag 0.`, `Zauber pro Tag 1.`, `Zauber pro Tag 2.`, `Zauber pro Tag 3.`, `Zauber pro Tag 4.`, `Zauber pro Tag 5.`, `Zauber pro Tag 6.`, `Zauber pro Tag 7.`, `Zauber pro Tag 8.`, `Zauber pro Tag 9.`, `Schlaghagel Angriffbonus`, `Waffenloser Schaden`, `RK-Bonus`, `Bewegungsbonus`) VALUES (133, 13, '6/1', 4, 8, 4, NULL, 'Magier', '4', '4', '4', '4', '4', '3', '2', '1', NULL, NULL, NULL, NULL, NULL, NULL);
INSERT INTO `mydb`.`Levelabhängige Klasse` (`idLevelabhängige Klasse`, `Stufe`, `GAB`, `REF`, `WIL`, `ZÄH`, `Speziell`, `Klassen_idKlassen`, `Zauber pro Tag 0.`, `Zauber pro Tag 1.`, `Zauber pro Tag 2.`, `Zauber pro Tag 3.`, `Zauber pro Tag 4.`, `Zauber pro Tag 5.`, `Zauber pro Tag 6.`, `Zauber pro Tag 7.`, `Zauber pro Tag 8.`, `Zauber pro Tag 9.`, `Schlaghagel Angriffbonus`, `Waffenloser Schaden`, `RK-Bonus`, `Bewegungsbonus`) VALUES (134, 14, '7/2', 4, 9, 4, NULL, 'Magier', '4', '4', '4', '4', '4', '3', '3', '2', NULL, NULL, NULL, NULL, NULL, NULL);
INSERT INTO `mydb`.`Levelabhängige Klasse` (`idLevelabhängige Klasse`, `Stufe`, `GAB`, `REF`, `WIL`, `ZÄH`, `Speziell`, `Klassen_idKlassen`, `Zauber pro Tag 0.`, `Zauber pro Tag 1.`, `Zauber pro Tag 2.`, `Zauber pro Tag 3.`, `Zauber pro Tag 4.`, `Zauber pro Tag 5.`, `Zauber pro Tag 6.`, `Zauber pro Tag 7.`, `Zauber pro Tag 8.`, `Zauber pro Tag 9.`, `Schlaghagel Angriffbonus`, `Waffenloser Schaden`, `RK-Bonus`, `Bewegungsbonus`) VALUES (135, 15, '7/2', 5, 9, 5, 'Bonustalent', 'Magier', '4', '4', '4', '4', '4', '4', '3', '2', '1', NULL, NULL, NULL, NULL, NULL);
INSERT INTO `mydb`.`Levelabhängige Klasse` (`idLevelabhängige Klasse`, `Stufe`, `GAB`, `REF`, `WIL`, `ZÄH`, `Speziell`, `Klassen_idKlassen`, `Zauber pro Tag 0.`, `Zauber pro Tag 1.`, `Zauber pro Tag 2.`, `Zauber pro Tag 3.`, `Zauber pro Tag 4.`, `Zauber pro Tag 5.`, `Zauber pro Tag 6.`, `Zauber pro Tag 7.`, `Zauber pro Tag 8.`, `Zauber pro Tag 9.`, `Schlaghagel Angriffbonus`, `Waffenloser Schaden`, `RK-Bonus`, `Bewegungsbonus`) VALUES (136, 16, '8/3', 5, 10, 5, NULL, 'Magier', '4', '4', '4', '4', '4', '4', '3', '3', '2', NULL, NULL, NULL, NULL, NULL);
INSERT INTO `mydb`.`Levelabhängige Klasse` (`idLevelabhängige Klasse`, `Stufe`, `GAB`, `REF`, `WIL`, `ZÄH`, `Speziell`, `Klassen_idKlassen`, `Zauber pro Tag 0.`, `Zauber pro Tag 1.`, `Zauber pro Tag 2.`, `Zauber pro Tag 3.`, `Zauber pro Tag 4.`, `Zauber pro Tag 5.`, `Zauber pro Tag 6.`, `Zauber pro Tag 7.`, `Zauber pro Tag 8.`, `Zauber pro Tag 9.`, `Schlaghagel Angriffbonus`, `Waffenloser Schaden`, `RK-Bonus`, `Bewegungsbonus`) VALUES (137, 17, '8/3', 5, 10, 5, NULL, 'Magier', '4', '4', '4', '4', '4', '4', '4', '3', '2', '1', NULL, NULL, NULL, NULL);
INSERT INTO `mydb`.`Levelabhängige Klasse` (`idLevelabhängige Klasse`, `Stufe`, `GAB`, `REF`, `WIL`, `ZÄH`, `Speziell`, `Klassen_idKlassen`, `Zauber pro Tag 0.`, `Zauber pro Tag 1.`, `Zauber pro Tag 2.`, `Zauber pro Tag 3.`, `Zauber pro Tag 4.`, `Zauber pro Tag 5.`, `Zauber pro Tag 6.`, `Zauber pro Tag 7.`, `Zauber pro Tag 8.`, `Zauber pro Tag 9.`, `Schlaghagel Angriffbonus`, `Waffenloser Schaden`, `RK-Bonus`, `Bewegungsbonus`) VALUES (138, 18, '9/4', 6, 11, 6, NULL, 'Magier', '4', '4', '4', '4', '4', '4', '4', '3', '3', '2', NULL, NULL, NULL, NULL);
INSERT INTO `mydb`.`Levelabhängige Klasse` (`idLevelabhängige Klasse`, `Stufe`, `GAB`, `REF`, `WIL`, `ZÄH`, `Speziell`, `Klassen_idKlassen`, `Zauber pro Tag 0.`, `Zauber pro Tag 1.`, `Zauber pro Tag 2.`, `Zauber pro Tag 3.`, `Zauber pro Tag 4.`, `Zauber pro Tag 5.`, `Zauber pro Tag 6.`, `Zauber pro Tag 7.`, `Zauber pro Tag 8.`, `Zauber pro Tag 9.`, `Schlaghagel Angriffbonus`, `Waffenloser Schaden`, `RK-Bonus`, `Bewegungsbonus`) VALUES (139, 19, '9/4', 6, 11, 6, NULL, 'Magier', '4', '4', '4', '4', '4', '4', '4', '4', '3', '3', NULL, NULL, NULL, NULL);
INSERT INTO `mydb`.`Levelabhängige Klasse` (`idLevelabhängige Klasse`, `Stufe`, `GAB`, `REF`, `WIL`, `ZÄH`, `Speziell`, `Klassen_idKlassen`, `Zauber pro Tag 0.`, `Zauber pro Tag 1.`, `Zauber pro Tag 2.`, `Zauber pro Tag 3.`, `Zauber pro Tag 4.`, `Zauber pro Tag 5.`, `Zauber pro Tag 6.`, `Zauber pro Tag 7.`, `Zauber pro Tag 8.`, `Zauber pro Tag 9.`, `Schlaghagel Angriffbonus`, `Waffenloser Schaden`, `RK-Bonus`, `Bewegungsbonus`) VALUES (140, 20, '10/5', 6, 12, 6, 'Bonustalent', 'Magier', '4', '4', '4', '4', '4', '4', '4', '4', '4', '4', NULL, NULL, NULL, NULL);
INSERT INTO `mydb`.`Levelabhängige Klasse` (`idLevelabhängige Klasse`, `Stufe`, `GAB`, `REF`, `WIL`, `ZÄH`, `Speziell`, `Klassen_idKlassen`, `Zauber pro Tag 0.`, `Zauber pro Tag 1.`, `Zauber pro Tag 2.`, `Zauber pro Tag 3.`, `Zauber pro Tag 4.`, `Zauber pro Tag 5.`, `Zauber pro Tag 6.`, `Zauber pro Tag 7.`, `Zauber pro Tag 8.`, `Zauber pro Tag 9.`, `Schlaghagel Angriffbonus`, `Waffenloser Schaden`, `RK-Bonus`, `Bewegungsbonus`) VALUES (141, 1, '0', 2, 2, 2, 'Betäubender Schlag, Bonustalent, Schlaghagel, Waffenloser Schlag', 'Mönch', NULL, NULL, NULL, NULL, NULL, NULL, NULL, NULL, NULL, NULL, '-1/-1', '1W6', 0, 0);
INSERT INTO `mydb`.`Levelabhängige Klasse` (`idLevelabhängige Klasse`, `Stufe`, `GAB`, `REF`, `WIL`, `ZÄH`, `Speziell`, `Klassen_idKlassen`, `Zauber pro Tag 0.`, `Zauber pro Tag 1.`, `Zauber pro Tag 2.`, `Zauber pro Tag 3.`, `Zauber pro Tag 4.`, `Zauber pro Tag 5.`, `Zauber pro Tag 6.`, `Zauber pro Tag 7.`, `Zauber pro Tag 8.`, `Zauber pro Tag 9.`, `Schlaghagel Angriffbonus`, `Waffenloser Schaden`, `RK-Bonus`, `Bewegungsbonus`) VALUES (142, 2, '1', 3, 3, 3, 'Bonustalent, Entrinnen', 'Mönch', NULL, NULL, NULL, NULL, NULL, NULL, NULL, NULL, NULL, NULL, '0/0', '1W6', 0, 0);
INSERT INTO `mydb`.`Levelabhängige Klasse` (`idLevelabhängige Klasse`, `Stufe`, `GAB`, `REF`, `WIL`, `ZÄH`, `Speziell`, `Klassen_idKlassen`, `Zauber pro Tag 0.`, `Zauber pro Tag 1.`, `Zauber pro Tag 2.`, `Zauber pro Tag 3.`, `Zauber pro Tag 4.`, `Zauber pro Tag 5.`, `Zauber pro Tag 6.`, `Zauber pro Tag 7.`, `Zauber pro Tag 8.`, `Zauber pro Tag 9.`, `Schlaghagel Angriffbonus`, `Waffenloser Schaden`, `RK-Bonus`, `Bewegungsbonus`) VALUES (143, 3, '2', 3, 3, 3, 'Manöver Training, Ruhiger Geist, Schnelle Bewegung', 'Mönch', NULL, NULL, NULL, NULL, NULL, NULL, NULL, NULL, NULL, NULL, '1/1', '1W6', 0, 3);
INSERT INTO `mydb`.`Levelabhängige Klasse` (`idLevelabhängige Klasse`, `Stufe`, `GAB`, `REF`, `WIL`, `ZÄH`, `Speziell`, `Klassen_idKlassen`, `Zauber pro Tag 0.`, `Zauber pro Tag 1.`, `Zauber pro Tag 2.`, `Zauber pro Tag 3.`, `Zauber pro Tag 4.`, `Zauber pro Tag 5.`, `Zauber pro Tag 6.`, `Zauber pro Tag 7.`, `Zauber pro Tag 8.`, `Zauber pro Tag 9.`, `Schlaghagel Angriffbonus`, `Waffenloser Schaden`, `RK-Bonus`, `Bewegungsbonus`) VALUES (144, 4, '3', 4, 4, 4, 'Ki-Vorrat (Magisch), Sturz abbremsen (6m)', 'Mönch', NULL, NULL, NULL, NULL, NULL, NULL, NULL, NULL, NULL, NULL, '2/2', '1W8', 1, 3);
INSERT INTO `mydb`.`Levelabhängige Klasse` (`idLevelabhängige Klasse`, `Stufe`, `GAB`, `REF`, `WIL`, `ZÄH`, `Speziell`, `Klassen_idKlassen`, `Zauber pro Tag 0.`, `Zauber pro Tag 1.`, `Zauber pro Tag 2.`, `Zauber pro Tag 3.`, `Zauber pro Tag 4.`, `Zauber pro Tag 5.`, `Zauber pro Tag 6.`, `Zauber pro Tag 7.`, `Zauber pro Tag 8.`, `Zauber pro Tag 9.`, `Schlaghagel Angriffbonus`, `Waffenloser Schaden`, `RK-Bonus`, `Bewegungsbonus`) VALUES (145, 5, '3', 4, 4, 4, 'Hochsprung, Reinheit des Körpers', 'Mönch', NULL, NULL, NULL, NULL, NULL, NULL, NULL, NULL, NULL, NULL, '3/3', '1W8', 1, 3);
INSERT INTO `mydb`.`Levelabhängige Klasse` (`idLevelabhängige Klasse`, `Stufe`, `GAB`, `REF`, `WIL`, `ZÄH`, `Speziell`, `Klassen_idKlassen`, `Zauber pro Tag 0.`, `Zauber pro Tag 1.`, `Zauber pro Tag 2.`, `Zauber pro Tag 3.`, `Zauber pro Tag 4.`, `Zauber pro Tag 5.`, `Zauber pro Tag 6.`, `Zauber pro Tag 7.`, `Zauber pro Tag 8.`, `Zauber pro Tag 9.`, `Schlaghagel Angriffbonus`, `Waffenloser Schaden`, `RK-Bonus`, `Bewegungsbonus`) VALUES (146, 6, '4', 5, 5, 5, 'Bonustalent, Sturz abbremsen (9m)', 'Mönch', NULL, NULL, NULL, NULL, NULL, NULL, NULL, NULL, NULL, NULL, '4/4/-1', '1W8', 1, 6);
INSERT INTO `mydb`.`Levelabhängige Klasse` (`idLevelabhängige Klasse`, `Stufe`, `GAB`, `REF`, `WIL`, `ZÄH`, `Speziell`, `Klassen_idKlassen`, `Zauber pro Tag 0.`, `Zauber pro Tag 1.`, `Zauber pro Tag 2.`, `Zauber pro Tag 3.`, `Zauber pro Tag 4.`, `Zauber pro Tag 5.`, `Zauber pro Tag 6.`, `Zauber pro Tag 7.`, `Zauber pro Tag 8.`, `Zauber pro Tag 9.`, `Schlaghagel Angriffbonus`, `Waffenloser Schaden`, `RK-Bonus`, `Bewegungsbonus`) VALUES (147, 7, '5', 5, 5, 5, 'Ki-Pool (Kaltes Eisen/Silber), Unversehrtheit des Köpers', 'Mönch', NULL, NULL, NULL, NULL, NULL, NULL, NULL, NULL, NULL, NULL, '5/5/0', '1W8', 1, 6);
INSERT INTO `mydb`.`Levelabhängige Klasse` (`idLevelabhängige Klasse`, `Stufe`, `GAB`, `REF`, `WIL`, `ZÄH`, `Speziell`, `Klassen_idKlassen`, `Zauber pro Tag 0.`, `Zauber pro Tag 1.`, `Zauber pro Tag 2.`, `Zauber pro Tag 3.`, `Zauber pro Tag 4.`, `Zauber pro Tag 5.`, `Zauber pro Tag 6.`, `Zauber pro Tag 7.`, `Zauber pro Tag 8.`, `Zauber pro Tag 9.`, `Schlaghagel Angriffbonus`, `Waffenloser Schaden`, `RK-Bonus`, `Bewegungsbonus`) VALUES (148, 8, '6/1', 6, 6, 6, 'Sturz abbremsen (12m)', 'Mönch', NULL, NULL, NULL, NULL, NULL, NULL, NULL, NULL, NULL, NULL, '6/6/1/1', '1W10', 2, 6);
INSERT INTO `mydb`.`Levelabhängige Klasse` (`idLevelabhängige Klasse`, `Stufe`, `GAB`, `REF`, `WIL`, `ZÄH`, `Speziell`, `Klassen_idKlassen`, `Zauber pro Tag 0.`, `Zauber pro Tag 1.`, `Zauber pro Tag 2.`, `Zauber pro Tag 3.`, `Zauber pro Tag 4.`, `Zauber pro Tag 5.`, `Zauber pro Tag 6.`, `Zauber pro Tag 7.`, `Zauber pro Tag 8.`, `Zauber pro Tag 9.`, `Schlaghagel Angriffbonus`, `Waffenloser Schaden`, `RK-Bonus`, `Bewegungsbonus`) VALUES (149, 9, '6/1', 6, 6, 6, 'Verbessertes Entrinnen', 'Mönch', NULL, NULL, NULL, NULL, NULL, NULL, NULL, NULL, NULL, NULL, '7/7/2/2', '1W10', 2, 9);
INSERT INTO `mydb`.`Levelabhängige Klasse` (`idLevelabhängige Klasse`, `Stufe`, `GAB`, `REF`, `WIL`, `ZÄH`, `Speziell`, `Klassen_idKlassen`, `Zauber pro Tag 0.`, `Zauber pro Tag 1.`, `Zauber pro Tag 2.`, `Zauber pro Tag 3.`, `Zauber pro Tag 4.`, `Zauber pro Tag 5.`, `Zauber pro Tag 6.`, `Zauber pro Tag 7.`, `Zauber pro Tag 8.`, `Zauber pro Tag 9.`, `Schlaghagel Angriffbonus`, `Waffenloser Schaden`, `RK-Bonus`, `Bewegungsbonus`) VALUES (150, 10, '7/2', 7, 7, 7, 'Bonustalent, Ki-Vorrat (Rechtschaffen), Sturz abbremsen (15m)', 'Mönch', NULL, NULL, NULL, NULL, NULL, NULL, NULL, NULL, NULL, NULL, '8/8/3/3', '1W10', 2, 9);
INSERT INTO `mydb`.`Levelabhängige Klasse` (`idLevelabhängige Klasse`, `Stufe`, `GAB`, `REF`, `WIL`, `ZÄH`, `Speziell`, `Klassen_idKlassen`, `Zauber pro Tag 0.`, `Zauber pro Tag 1.`, `Zauber pro Tag 2.`, `Zauber pro Tag 3.`, `Zauber pro Tag 4.`, `Zauber pro Tag 5.`, `Zauber pro Tag 6.`, `Zauber pro Tag 7.`, `Zauber pro Tag 8.`, `Zauber pro Tag 9.`, `Schlaghagel Angriffbonus`, `Waffenloser Schaden`, `RK-Bonus`, `Bewegungsbonus`) VALUES (151, 11, '8/3', 7, 7, 7, 'Diamantkörper', 'Mönch', NULL, NULL, NULL, NULL, NULL, NULL, NULL, NULL, NULL, NULL, '9/9/4/4/-1', '1W10', 2, 9);
INSERT INTO `mydb`.`Levelabhängige Klasse` (`idLevelabhängige Klasse`, `Stufe`, `GAB`, `REF`, `WIL`, `ZÄH`, `Speziell`, `Klassen_idKlassen`, `Zauber pro Tag 0.`, `Zauber pro Tag 1.`, `Zauber pro Tag 2.`, `Zauber pro Tag 3.`, `Zauber pro Tag 4.`, `Zauber pro Tag 5.`, `Zauber pro Tag 6.`, `Zauber pro Tag 7.`, `Zauber pro Tag 8.`, `Zauber pro Tag 9.`, `Schlaghagel Angriffbonus`, `Waffenloser Schaden`, `RK-Bonus`, `Bewegungsbonus`) VALUES (152, 12, '9/4', 8, 8, 8, 'Weiter Schritt, Sturz abbremsen (18m)', 'Mönch', NULL, NULL, NULL, NULL, NULL, NULL, NULL, NULL, NULL, NULL, '10/10/5/5/0', '2W6', 3, 12);
INSERT INTO `mydb`.`Levelabhängige Klasse` (`idLevelabhängige Klasse`, `Stufe`, `GAB`, `REF`, `WIL`, `ZÄH`, `Speziell`, `Klassen_idKlassen`, `Zauber pro Tag 0.`, `Zauber pro Tag 1.`, `Zauber pro Tag 2.`, `Zauber pro Tag 3.`, `Zauber pro Tag 4.`, `Zauber pro Tag 5.`, `Zauber pro Tag 6.`, `Zauber pro Tag 7.`, `Zauber pro Tag 8.`, `Zauber pro Tag 9.`, `Schlaghagel Angriffbonus`, `Waffenloser Schaden`, `RK-Bonus`, `Bewegungsbonus`) VALUES (153, 13, '9/4', 8, 8, 8, 'Diamantseele', 'Mönch', NULL, NULL, NULL, NULL, NULL, NULL, NULL, NULL, NULL, NULL, '11/11/6/6/1', '2W6', 3, 12);
INSERT INTO `mydb`.`Levelabhängige Klasse` (`idLevelabhängige Klasse`, `Stufe`, `GAB`, `REF`, `WIL`, `ZÄH`, `Speziell`, `Klassen_idKlassen`, `Zauber pro Tag 0.`, `Zauber pro Tag 1.`, `Zauber pro Tag 2.`, `Zauber pro Tag 3.`, `Zauber pro Tag 4.`, `Zauber pro Tag 5.`, `Zauber pro Tag 6.`, `Zauber pro Tag 7.`, `Zauber pro Tag 8.`, `Zauber pro Tag 9.`, `Schlaghagel Angriffbonus`, `Waffenloser Schaden`, `RK-Bonus`, `Bewegungsbonus`) VALUES (154, 14, '10/5', 9, 9, 9, 'Bonustalent, Sturz abbremsen (21m)', 'Mönch', NULL, NULL, NULL, NULL, NULL, NULL, NULL, NULL, NULL, NULL, '12/12/7/7/2', '2W6', 3, 12);
INSERT INTO `mydb`.`Levelabhängige Klasse` (`idLevelabhängige Klasse`, `Stufe`, `GAB`, `REF`, `WIL`, `ZÄH`, `Speziell`, `Klassen_idKlassen`, `Zauber pro Tag 0.`, `Zauber pro Tag 1.`, `Zauber pro Tag 2.`, `Zauber pro Tag 3.`, `Zauber pro Tag 4.`, `Zauber pro Tag 5.`, `Zauber pro Tag 6.`, `Zauber pro Tag 7.`, `Zauber pro Tag 8.`, `Zauber pro Tag 9.`, `Schlaghagel Angriffbonus`, `Waffenloser Schaden`, `RK-Bonus`, `Bewegungsbonus`) VALUES (155, 15, '11/6/1', 9, 9, 9, 'Vibrierende Handfläche', 'Mönch', NULL, NULL, NULL, NULL, NULL, NULL, NULL, NULL, NULL, NULL, '13/13/8/8/3/3', '2W6', 3, 15);
INSERT INTO `mydb`.`Levelabhängige Klasse` (`idLevelabhängige Klasse`, `Stufe`, `GAB`, `REF`, `WIL`, `ZÄH`, `Speziell`, `Klassen_idKlassen`, `Zauber pro Tag 0.`, `Zauber pro Tag 1.`, `Zauber pro Tag 2.`, `Zauber pro Tag 3.`, `Zauber pro Tag 4.`, `Zauber pro Tag 5.`, `Zauber pro Tag 6.`, `Zauber pro Tag 7.`, `Zauber pro Tag 8.`, `Zauber pro Tag 9.`, `Schlaghagel Angriffbonus`, `Waffenloser Schaden`, `RK-Bonus`, `Bewegungsbonus`) VALUES (156, 16, '12/7/2', 10, 10, 10, 'Ki-Vorrat (Adamant), Sturz abbremsen (24m)', 'Mönch', NULL, NULL, NULL, NULL, NULL, NULL, NULL, NULL, NULL, NULL, '14/14/9/9/4/4/-1', '2W8', 4, 15);
INSERT INTO `mydb`.`Levelabhängige Klasse` (`idLevelabhängige Klasse`, `Stufe`, `GAB`, `REF`, `WIL`, `ZÄH`, `Speziell`, `Klassen_idKlassen`, `Zauber pro Tag 0.`, `Zauber pro Tag 1.`, `Zauber pro Tag 2.`, `Zauber pro Tag 3.`, `Zauber pro Tag 4.`, `Zauber pro Tag 5.`, `Zauber pro Tag 6.`, `Zauber pro Tag 7.`, `Zauber pro Tag 8.`, `Zauber pro Tag 9.`, `Schlaghagel Angriffbonus`, `Waffenloser Schaden`, `RK-Bonus`, `Bewegungsbonus`) VALUES (157, 17, '12/7/2', 10, 10, 10, 'Zeitloser Körper, Sprache von Mond und Sonne', 'Mönch', NULL, NULL, NULL, NULL, NULL, NULL, NULL, NULL, NULL, NULL, '15/15/10/10/5/5/0', '2W8', 4, 15);
INSERT INTO `mydb`.`Levelabhängige Klasse` (`idLevelabhängige Klasse`, `Stufe`, `GAB`, `REF`, `WIL`, `ZÄH`, `Speziell`, `Klassen_idKlassen`, `Zauber pro Tag 0.`, `Zauber pro Tag 1.`, `Zauber pro Tag 2.`, `Zauber pro Tag 3.`, `Zauber pro Tag 4.`, `Zauber pro Tag 5.`, `Zauber pro Tag 6.`, `Zauber pro Tag 7.`, `Zauber pro Tag 8.`, `Zauber pro Tag 9.`, `Schlaghagel Angriffbonus`, `Waffenloser Schaden`, `RK-Bonus`, `Bewegungsbonus`) VALUES (158, 18, '13/8/3', 11, 11, 11, 'Bonustalent, Sturz abbremsen (27m)', 'Mönch', NULL, NULL, NULL, NULL, NULL, NULL, NULL, NULL, NULL, NULL, '16/16/11/11/6/6/1', '2W8', 4, 18);
INSERT INTO `mydb`.`Levelabhängige Klasse` (`idLevelabhängige Klasse`, `Stufe`, `GAB`, `REF`, `WIL`, `ZÄH`, `Speziell`, `Klassen_idKlassen`, `Zauber pro Tag 0.`, `Zauber pro Tag 1.`, `Zauber pro Tag 2.`, `Zauber pro Tag 3.`, `Zauber pro Tag 4.`, `Zauber pro Tag 5.`, `Zauber pro Tag 6.`, `Zauber pro Tag 7.`, `Zauber pro Tag 8.`, `Zauber pro Tag 9.`, `Schlaghagel Angriffbonus`, `Waffenloser Schaden`, `RK-Bonus`, `Bewegungsbonus`) VALUES (159, 19, '14/9/4', 11, 11, 11, 'Körper lösen', 'Mönch', NULL, NULL, NULL, NULL, NULL, NULL, NULL, NULL, NULL, NULL, '17/17/12/12/7/7/2', '2W8', 4, 18);
INSERT INTO `mydb`.`Levelabhängige Klasse` (`idLevelabhängige Klasse`, `Stufe`, `GAB`, `REF`, `WIL`, `ZÄH`, `Speziell`, `Klassen_idKlassen`, `Zauber pro Tag 0.`, `Zauber pro Tag 1.`, `Zauber pro Tag 2.`, `Zauber pro Tag 3.`, `Zauber pro Tag 4.`, `Zauber pro Tag 5.`, `Zauber pro Tag 6.`, `Zauber pro Tag 7.`, `Zauber pro Tag 8.`, `Zauber pro Tag 9.`, `Schlaghagel Angriffbonus`, `Waffenloser Schaden`, `RK-Bonus`, `Bewegungsbonus`) VALUES (160, 20, '15/10/5', 12, 12, 12, 'Perfektes Selbst, Sturz abbremsen (jede Distanz)', 'Mönch', NULL, NULL, NULL, NULL, NULL, NULL, NULL, NULL, NULL, NULL, '18/18/13/13/8/8/3', '2W10', 5, 18);
INSERT INTO `mydb`.`Levelabhängige Klasse` (`idLevelabhängige Klasse`, `Stufe`, `GAB`, `REF`, `WIL`, `ZÄH`, `Speziell`, `Klassen_idKlassen`, `Zauber pro Tag 0.`, `Zauber pro Tag 1.`, `Zauber pro Tag 2.`, `Zauber pro Tag 3.`, `Zauber pro Tag 4.`, `Zauber pro Tag 5.`, `Zauber pro Tag 6.`, `Zauber pro Tag 7.`, `Zauber pro Tag 8.`, `Zauber pro Tag 9.`, `Schlaghagel Angriffbonus`, `Waffenloser Schaden`, `RK-Bonus`, `Bewegungsbonus`) VALUES (161, 1, '1', 0, 2, 2, 'Aura des Guten, Böses entdecken, Böses niederstrecken 1/Tag', 'Mönch', NULL, NULL, NULL, NULL, NULL, NULL, NULL, NULL, NULL, NULL, NULL, NULL, NULL, NULL);
INSERT INTO `mydb`.`Levelabhängige Klasse` (`idLevelabhängige Klasse`, `Stufe`, `GAB`, `REF`, `WIL`, `ZÄH`, `Speziell`, `Klassen_idKlassen`, `Zauber pro Tag 0.`, `Zauber pro Tag 1.`, `Zauber pro Tag 2.`, `Zauber pro Tag 3.`, `Zauber pro Tag 4.`, `Zauber pro Tag 5.`, `Zauber pro Tag 6.`, `Zauber pro Tag 7.`, `Zauber pro Tag 8.`, `Zauber pro Tag 9.`, `Schlaghagel Angriffbonus`, `Waffenloser Schaden`, `RK-Bonus`, `Bewegungsbonus`) VALUES (162, 2, '2', 0, 3, 3, 'Göttliche Würde, Handauflegen', 'Mönch', NULL, NULL, NULL, NULL, NULL, NULL, NULL, NULL, NULL, NULL, NULL, NULL, NULL, NULL);
INSERT INTO `mydb`.`Levelabhängige Klasse` (`idLevelabhängige Klasse`, `Stufe`, `GAB`, `REF`, `WIL`, `ZÄH`, `Speziell`, `Klassen_idKlassen`, `Zauber pro Tag 0.`, `Zauber pro Tag 1.`, `Zauber pro Tag 2.`, `Zauber pro Tag 3.`, `Zauber pro Tag 4.`, `Zauber pro Tag 5.`, `Zauber pro Tag 6.`, `Zauber pro Tag 7.`, `Zauber pro Tag 8.`, `Zauber pro Tag 9.`, `Schlaghagel Angriffbonus`, `Waffenloser Schaden`, `RK-Bonus`, `Bewegungsbonus`) VALUES (163, 3, '3', 1, 3, 3, 'Aura der Tapferkeit, Gnade, Göttliche Gesundheit', 'Mönch', NULL, NULL, NULL, NULL, NULL, NULL, NULL, NULL, NULL, NULL, NULL, NULL, NULL, NULL);
INSERT INTO `mydb`.`Levelabhängige Klasse` (`idLevelabhängige Klasse`, `Stufe`, `GAB`, `REF`, `WIL`, `ZÄH`, `Speziell`, `Klassen_idKlassen`, `Zauber pro Tag 0.`, `Zauber pro Tag 1.`, `Zauber pro Tag 2.`, `Zauber pro Tag 3.`, `Zauber pro Tag 4.`, `Zauber pro Tag 5.`, `Zauber pro Tag 6.`, `Zauber pro Tag 7.`, `Zauber pro Tag 8.`, `Zauber pro Tag 9.`, `Schlaghagel Angriffbonus`, `Waffenloser Schaden`, `RK-Bonus`, `Bewegungsbonus`) VALUES (164, 4, '4', 1, 4, 4, 'Böses niederstrecken 2/Tag, Positive Energie fokussieren', 'Mönch', NULL, '0', NULL, NULL, NULL, NULL, NULL, NULL, NULL, NULL, NULL, NULL, NULL, NULL);
INSERT INTO `mydb`.`Levelabhängige Klasse` (`idLevelabhängige Klasse`, `Stufe`, `GAB`, `REF`, `WIL`, `ZÄH`, `Speziell`, `Klassen_idKlassen`, `Zauber pro Tag 0.`, `Zauber pro Tag 1.`, `Zauber pro Tag 2.`, `Zauber pro Tag 3.`, `Zauber pro Tag 4.`, `Zauber pro Tag 5.`, `Zauber pro Tag 6.`, `Zauber pro Tag 7.`, `Zauber pro Tag 8.`, `Zauber pro Tag 9.`, `Schlaghagel Angriffbonus`, `Waffenloser Schaden`, `RK-Bonus`, `Bewegungsbonus`) VALUES (165, 5, '5', 1, 4, 4, 'Göttlicher Bund', 'Mönch', NULL, '1', NULL, NULL, NULL, NULL, NULL, NULL, NULL, NULL, NULL, NULL, NULL, NULL);
INSERT INTO `mydb`.`Levelabhängige Klasse` (`idLevelabhängige Klasse`, `Stufe`, `GAB`, `REF`, `WIL`, `ZÄH`, `Speziell`, `Klassen_idKlassen`, `Zauber pro Tag 0.`, `Zauber pro Tag 1.`, `Zauber pro Tag 2.`, `Zauber pro Tag 3.`, `Zauber pro Tag 4.`, `Zauber pro Tag 5.`, `Zauber pro Tag 6.`, `Zauber pro Tag 7.`, `Zauber pro Tag 8.`, `Zauber pro Tag 9.`, `Schlaghagel Angriffbonus`, `Waffenloser Schaden`, `RK-Bonus`, `Bewegungsbonus`) VALUES (166, 6, '6/1', 2, 5, 5, 'Gnade', 'Mönch', NULL, '1', NULL, NULL, NULL, NULL, NULL, NULL, NULL, NULL, NULL, NULL, NULL, NULL);
INSERT INTO `mydb`.`Levelabhängige Klasse` (`idLevelabhängige Klasse`, `Stufe`, `GAB`, `REF`, `WIL`, `ZÄH`, `Speziell`, `Klassen_idKlassen`, `Zauber pro Tag 0.`, `Zauber pro Tag 1.`, `Zauber pro Tag 2.`, `Zauber pro Tag 3.`, `Zauber pro Tag 4.`, `Zauber pro Tag 5.`, `Zauber pro Tag 6.`, `Zauber pro Tag 7.`, `Zauber pro Tag 8.`, `Zauber pro Tag 9.`, `Schlaghagel Angriffbonus`, `Waffenloser Schaden`, `RK-Bonus`, `Bewegungsbonus`) VALUES (167, 7, '7/2', 2, 5, 5, 'Böses niederstrecken 3/Tag', 'Mönch', NULL, '1', '0', NULL, NULL, NULL, NULL, NULL, NULL, NULL, NULL, NULL, NULL, NULL);
INSERT INTO `mydb`.`Levelabhängige Klasse` (`idLevelabhängige Klasse`, `Stufe`, `GAB`, `REF`, `WIL`, `ZÄH`, `Speziell`, `Klassen_idKlassen`, `Zauber pro Tag 0.`, `Zauber pro Tag 1.`, `Zauber pro Tag 2.`, `Zauber pro Tag 3.`, `Zauber pro Tag 4.`, `Zauber pro Tag 5.`, `Zauber pro Tag 6.`, `Zauber pro Tag 7.`, `Zauber pro Tag 8.`, `Zauber pro Tag 9.`, `Schlaghagel Angriffbonus`, `Waffenloser Schaden`, `RK-Bonus`, `Bewegungsbonus`) VALUES (168, 8, '8/3', 2, 6, 6, 'Aura der Entschlossenheit', 'Mönch', NULL, '1', '1', NULL, NULL, NULL, NULL, NULL, NULL, NULL, NULL, NULL, NULL, NULL);
INSERT INTO `mydb`.`Levelabhängige Klasse` (`idLevelabhängige Klasse`, `Stufe`, `GAB`, `REF`, `WIL`, `ZÄH`, `Speziell`, `Klassen_idKlassen`, `Zauber pro Tag 0.`, `Zauber pro Tag 1.`, `Zauber pro Tag 2.`, `Zauber pro Tag 3.`, `Zauber pro Tag 4.`, `Zauber pro Tag 5.`, `Zauber pro Tag 6.`, `Zauber pro Tag 7.`, `Zauber pro Tag 8.`, `Zauber pro Tag 9.`, `Schlaghagel Angriffbonus`, `Waffenloser Schaden`, `RK-Bonus`, `Bewegungsbonus`) VALUES (169, 9, '9/4', 3, 6, 6, 'Gnade', 'Mönch', NULL, '2', '1', NULL, NULL, NULL, NULL, NULL, NULL, NULL, NULL, NULL, NULL, NULL);
INSERT INTO `mydb`.`Levelabhängige Klasse` (`idLevelabhängige Klasse`, `Stufe`, `GAB`, `REF`, `WIL`, `ZÄH`, `Speziell`, `Klassen_idKlassen`, `Zauber pro Tag 0.`, `Zauber pro Tag 1.`, `Zauber pro Tag 2.`, `Zauber pro Tag 3.`, `Zauber pro Tag 4.`, `Zauber pro Tag 5.`, `Zauber pro Tag 6.`, `Zauber pro Tag 7.`, `Zauber pro Tag 8.`, `Zauber pro Tag 9.`, `Schlaghagel Angriffbonus`, `Waffenloser Schaden`, `RK-Bonus`, `Bewegungsbonus`) VALUES (170, 10, '10/5', 3, 7, 7, 'Böses niederstrecken 4/Tag', 'Mönch', NULL, '2', '1', '0', NULL, NULL, NULL, NULL, NULL, NULL, NULL, NULL, NULL, NULL);
INSERT INTO `mydb`.`Levelabhängige Klasse` (`idLevelabhängige Klasse`, `Stufe`, `GAB`, `REF`, `WIL`, `ZÄH`, `Speziell`, `Klassen_idKlassen`, `Zauber pro Tag 0.`, `Zauber pro Tag 1.`, `Zauber pro Tag 2.`, `Zauber pro Tag 3.`, `Zauber pro Tag 4.`, `Zauber pro Tag 5.`, `Zauber pro Tag 6.`, `Zauber pro Tag 7.`, `Zauber pro Tag 8.`, `Zauber pro Tag 9.`, `Schlaghagel Angriffbonus`, `Waffenloser Schaden`, `RK-Bonus`, `Bewegungsbonus`) VALUES (171, 11, '11/6/1', 3, 7, 7, 'Aura der Gerechtigkeit', 'Mönch', NULL, '2', '1', '1', NULL, NULL, NULL, NULL, NULL, NULL, NULL, NULL, NULL, NULL);
INSERT INTO `mydb`.`Levelabhängige Klasse` (`idLevelabhängige Klasse`, `Stufe`, `GAB`, `REF`, `WIL`, `ZÄH`, `Speziell`, `Klassen_idKlassen`, `Zauber pro Tag 0.`, `Zauber pro Tag 1.`, `Zauber pro Tag 2.`, `Zauber pro Tag 3.`, `Zauber pro Tag 4.`, `Zauber pro Tag 5.`, `Zauber pro Tag 6.`, `Zauber pro Tag 7.`, `Zauber pro Tag 8.`, `Zauber pro Tag 9.`, `Schlaghagel Angriffbonus`, `Waffenloser Schaden`, `RK-Bonus`, `Bewegungsbonus`) VALUES (172, 12, '12/7/2', 4, 8, 8, 'Gnade', 'Mönch', NULL, '2', '2', '1', NULL, NULL, NULL, NULL, NULL, NULL, NULL, NULL, NULL, NULL);
INSERT INTO `mydb`.`Levelabhängige Klasse` (`idLevelabhängige Klasse`, `Stufe`, `GAB`, `REF`, `WIL`, `ZÄH`, `Speziell`, `Klassen_idKlassen`, `Zauber pro Tag 0.`, `Zauber pro Tag 1.`, `Zauber pro Tag 2.`, `Zauber pro Tag 3.`, `Zauber pro Tag 4.`, `Zauber pro Tag 5.`, `Zauber pro Tag 6.`, `Zauber pro Tag 7.`, `Zauber pro Tag 8.`, `Zauber pro Tag 9.`, `Schlaghagel Angriffbonus`, `Waffenloser Schaden`, `RK-Bonus`, `Bewegungsbonus`) VALUES (173, 13, '13/8/3', 4, 8, 8, 'Böses niederstrecken 5/Tag', 'Mönch', NULL, '3', '2', '1', '0', NULL, NULL, NULL, NULL, NULL, NULL, NULL, NULL, NULL);
INSERT INTO `mydb`.`Levelabhängige Klasse` (`idLevelabhängige Klasse`, `Stufe`, `GAB`, `REF`, `WIL`, `ZÄH`, `Speziell`, `Klassen_idKlassen`, `Zauber pro Tag 0.`, `Zauber pro Tag 1.`, `Zauber pro Tag 2.`, `Zauber pro Tag 3.`, `Zauber pro Tag 4.`, `Zauber pro Tag 5.`, `Zauber pro Tag 6.`, `Zauber pro Tag 7.`, `Zauber pro Tag 8.`, `Zauber pro Tag 9.`, `Schlaghagel Angriffbonus`, `Waffenloser Schaden`, `RK-Bonus`, `Bewegungsbonus`) VALUES (174, 14, '14/9/4', 4, 9, 9, 'Aura des Glaubens', 'Mönch', NULL, '3', '2', '1', '1', NULL, NULL, NULL, NULL, NULL, NULL, NULL, NULL, NULL);
INSERT INTO `mydb`.`Levelabhängige Klasse` (`idLevelabhängige Klasse`, `Stufe`, `GAB`, `REF`, `WIL`, `ZÄH`, `Speziell`, `Klassen_idKlassen`, `Zauber pro Tag 0.`, `Zauber pro Tag 1.`, `Zauber pro Tag 2.`, `Zauber pro Tag 3.`, `Zauber pro Tag 4.`, `Zauber pro Tag 5.`, `Zauber pro Tag 6.`, `Zauber pro Tag 7.`, `Zauber pro Tag 8.`, `Zauber pro Tag 9.`, `Schlaghagel Angriffbonus`, `Waffenloser Schaden`, `RK-Bonus`, `Bewegungsbonus`) VALUES (175, 15, '15/10/5', 5, 9, 9, 'Gnade', 'Mönch', NULL, '3', '2', '2', '1', NULL, NULL, NULL, NULL, NULL, NULL, NULL, NULL, NULL);
INSERT INTO `mydb`.`Levelabhängige Klasse` (`idLevelabhängige Klasse`, `Stufe`, `GAB`, `REF`, `WIL`, `ZÄH`, `Speziell`, `Klassen_idKlassen`, `Zauber pro Tag 0.`, `Zauber pro Tag 1.`, `Zauber pro Tag 2.`, `Zauber pro Tag 3.`, `Zauber pro Tag 4.`, `Zauber pro Tag 5.`, `Zauber pro Tag 6.`, `Zauber pro Tag 7.`, `Zauber pro Tag 8.`, `Zauber pro Tag 9.`, `Schlaghagel Angriffbonus`, `Waffenloser Schaden`, `RK-Bonus`, `Bewegungsbonus`) VALUES (176, 16, '16/11/6/1', 5, 10, 10, 'Böses niederstrecken 6/Tag', 'Mönch', NULL, '3', '3', '2', '1', NULL, NULL, NULL, NULL, NULL, NULL, NULL, NULL, NULL);
INSERT INTO `mydb`.`Levelabhängige Klasse` (`idLevelabhängige Klasse`, `Stufe`, `GAB`, `REF`, `WIL`, `ZÄH`, `Speziell`, `Klassen_idKlassen`, `Zauber pro Tag 0.`, `Zauber pro Tag 1.`, `Zauber pro Tag 2.`, `Zauber pro Tag 3.`, `Zauber pro Tag 4.`, `Zauber pro Tag 5.`, `Zauber pro Tag 6.`, `Zauber pro Tag 7.`, `Zauber pro Tag 8.`, `Zauber pro Tag 9.`, `Schlaghagel Angriffbonus`, `Waffenloser Schaden`, `RK-Bonus`, `Bewegungsbonus`) VALUES (177, 17, '17/12/7/2', 5, 10, 10, 'Aura der Rechtschaffenheit', 'Mönch', NULL, '4', '3', '2', '1', NULL, NULL, NULL, NULL, NULL, NULL, NULL, NULL, NULL);
INSERT INTO `mydb`.`Levelabhängige Klasse` (`idLevelabhängige Klasse`, `Stufe`, `GAB`, `REF`, `WIL`, `ZÄH`, `Speziell`, `Klassen_idKlassen`, `Zauber pro Tag 0.`, `Zauber pro Tag 1.`, `Zauber pro Tag 2.`, `Zauber pro Tag 3.`, `Zauber pro Tag 4.`, `Zauber pro Tag 5.`, `Zauber pro Tag 6.`, `Zauber pro Tag 7.`, `Zauber pro Tag 8.`, `Zauber pro Tag 9.`, `Schlaghagel Angriffbonus`, `Waffenloser Schaden`, `RK-Bonus`, `Bewegungsbonus`) VALUES (178, 18, '18/13/8/3', 6, 11, 11, 'Gnade', 'Mönch', NULL, '4', '3', '2', '2', NULL, NULL, NULL, NULL, NULL, NULL, NULL, NULL, NULL);
INSERT INTO `mydb`.`Levelabhängige Klasse` (`idLevelabhängige Klasse`, `Stufe`, `GAB`, `REF`, `WIL`, `ZÄH`, `Speziell`, `Klassen_idKlassen`, `Zauber pro Tag 0.`, `Zauber pro Tag 1.`, `Zauber pro Tag 2.`, `Zauber pro Tag 3.`, `Zauber pro Tag 4.`, `Zauber pro Tag 5.`, `Zauber pro Tag 6.`, `Zauber pro Tag 7.`, `Zauber pro Tag 8.`, `Zauber pro Tag 9.`, `Schlaghagel Angriffbonus`, `Waffenloser Schaden`, `RK-Bonus`, `Bewegungsbonus`) VALUES (179, 19, '19/14/9/4', 6, 11, 11, 'Böses niederstrecken 7/Tag', 'Mönch', NULL, '4', '3', '3', '2', NULL, NULL, NULL, NULL, NULL, NULL, NULL, NULL, NULL);
INSERT INTO `mydb`.`Levelabhängige Klasse` (`idLevelabhängige Klasse`, `Stufe`, `GAB`, `REF`, `WIL`, `ZÄH`, `Speziell`, `Klassen_idKlassen`, `Zauber pro Tag 0.`, `Zauber pro Tag 1.`, `Zauber pro Tag 2.`, `Zauber pro Tag 3.`, `Zauber pro Tag 4.`, `Zauber pro Tag 5.`, `Zauber pro Tag 6.`, `Zauber pro Tag 7.`, `Zauber pro Tag 8.`, `Zauber pro Tag 9.`, `Schlaghagel Angriffbonus`, `Waffenloser Schaden`, `RK-Bonus`, `Bewegungsbonus`) VALUES (180, 20, '20/15/10/5', 6, 12, 12, 'Heiliger Streiter', 'Mönch', NULL, '4', '4', '3', '3', NULL, NULL, NULL, NULL, NULL, NULL, NULL, NULL, NULL);
INSERT INTO `mydb`.`Levelabhängige Klasse` (`idLevelabhängige Klasse`, `Stufe`, `GAB`, `REF`, `WIL`, `ZÄH`, `Speziell`, `Klassen_idKlassen`, `Zauber pro Tag 0.`, `Zauber pro Tag 1.`, `Zauber pro Tag 2.`, `Zauber pro Tag 3.`, `Zauber pro Tag 4.`, `Zauber pro Tag 5.`, `Zauber pro Tag 6.`, `Zauber pro Tag 7.`, `Zauber pro Tag 8.`, `Zauber pro Tag 9.`, `Schlaghagel Angriffbonus`, `Waffenloser Schaden`, `RK-Bonus`, `Bewegungsbonus`) VALUES (181, 1, '0', 2, 0, 0, 'Fallen finden, Hinterhältiger Angriff +1W6', 'Schurke', NULL, NULL, NULL, NULL, NULL, NULL, NULL, NULL, NULL, NULL, NULL, NULL, NULL, NULL);
INSERT INTO `mydb`.`Levelabhängige Klasse` (`idLevelabhängige Klasse`, `Stufe`, `GAB`, `REF`, `WIL`, `ZÄH`, `Speziell`, `Klassen_idKlassen`, `Zauber pro Tag 0.`, `Zauber pro Tag 1.`, `Zauber pro Tag 2.`, `Zauber pro Tag 3.`, `Zauber pro Tag 4.`, `Zauber pro Tag 5.`, `Zauber pro Tag 6.`, `Zauber pro Tag 7.`, `Zauber pro Tag 8.`, `Zauber pro Tag 9.`, `Schlaghagel Angriffbonus`, `Waffenloser Schaden`, `RK-Bonus`, `Bewegungsbonus`) VALUES (182, 2, '1', 3, 0, 0, 'Entrinnen, Trick', 'Schurke', NULL, NULL, NULL, NULL, NULL, NULL, NULL, NULL, NULL, NULL, NULL, NULL, NULL, NULL);
INSERT INTO `mydb`.`Levelabhängige Klasse` (`idLevelabhängige Klasse`, `Stufe`, `GAB`, `REF`, `WIL`, `ZÄH`, `Speziell`, `Klassen_idKlassen`, `Zauber pro Tag 0.`, `Zauber pro Tag 1.`, `Zauber pro Tag 2.`, `Zauber pro Tag 3.`, `Zauber pro Tag 4.`, `Zauber pro Tag 5.`, `Zauber pro Tag 6.`, `Zauber pro Tag 7.`, `Zauber pro Tag 8.`, `Zauber pro Tag 9.`, `Schlaghagel Angriffbonus`, `Waffenloser Schaden`, `RK-Bonus`, `Bewegungsbonus`) VALUES (183, 3, '2', 3, 1, 1, 'Fallengespür +1, Hinterhältiger Angriff +2W6', 'Schurke', NULL, NULL, NULL, NULL, NULL, NULL, NULL, NULL, NULL, NULL, NULL, NULL, NULL, NULL);
INSERT INTO `mydb`.`Levelabhängige Klasse` (`idLevelabhängige Klasse`, `Stufe`, `GAB`, `REF`, `WIL`, `ZÄH`, `Speziell`, `Klassen_idKlassen`, `Zauber pro Tag 0.`, `Zauber pro Tag 1.`, `Zauber pro Tag 2.`, `Zauber pro Tag 3.`, `Zauber pro Tag 4.`, `Zauber pro Tag 5.`, `Zauber pro Tag 6.`, `Zauber pro Tag 7.`, `Zauber pro Tag 8.`, `Zauber pro Tag 9.`, `Schlaghagel Angriffbonus`, `Waffenloser Schaden`, `RK-Bonus`, `Bewegungsbonus`) VALUES (184, 4, '3', 4, 1, 1, 'Reflexbewegung, Trick', 'Schurke', NULL, NULL, NULL, NULL, NULL, NULL, NULL, NULL, NULL, NULL, NULL, NULL, NULL, NULL);
INSERT INTO `mydb`.`Levelabhängige Klasse` (`idLevelabhängige Klasse`, `Stufe`, `GAB`, `REF`, `WIL`, `ZÄH`, `Speziell`, `Klassen_idKlassen`, `Zauber pro Tag 0.`, `Zauber pro Tag 1.`, `Zauber pro Tag 2.`, `Zauber pro Tag 3.`, `Zauber pro Tag 4.`, `Zauber pro Tag 5.`, `Zauber pro Tag 6.`, `Zauber pro Tag 7.`, `Zauber pro Tag 8.`, `Zauber pro Tag 9.`, `Schlaghagel Angriffbonus`, `Waffenloser Schaden`, `RK-Bonus`, `Bewegungsbonus`) VALUES (185, 5, '3', 4, 1, 1, 'Hinterhältiger Angriff +3W6', 'Schurke', NULL, NULL, NULL, NULL, NULL, NULL, NULL, NULL, NULL, NULL, NULL, NULL, NULL, NULL);
INSERT INTO `mydb`.`Levelabhängige Klasse` (`idLevelabhängige Klasse`, `Stufe`, `GAB`, `REF`, `WIL`, `ZÄH`, `Speziell`, `Klassen_idKlassen`, `Zauber pro Tag 0.`, `Zauber pro Tag 1.`, `Zauber pro Tag 2.`, `Zauber pro Tag 3.`, `Zauber pro Tag 4.`, `Zauber pro Tag 5.`, `Zauber pro Tag 6.`, `Zauber pro Tag 7.`, `Zauber pro Tag 8.`, `Zauber pro Tag 9.`, `Schlaghagel Angriffbonus`, `Waffenloser Schaden`, `RK-Bonus`, `Bewegungsbonus`) VALUES (186, 6, '4', 5, 2, 2, 'Fallengespür +2, Trick', 'Schurke', NULL, NULL, NULL, NULL, NULL, NULL, NULL, NULL, NULL, NULL, NULL, NULL, NULL, NULL);
INSERT INTO `mydb`.`Levelabhängige Klasse` (`idLevelabhängige Klasse`, `Stufe`, `GAB`, `REF`, `WIL`, `ZÄH`, `Speziell`, `Klassen_idKlassen`, `Zauber pro Tag 0.`, `Zauber pro Tag 1.`, `Zauber pro Tag 2.`, `Zauber pro Tag 3.`, `Zauber pro Tag 4.`, `Zauber pro Tag 5.`, `Zauber pro Tag 6.`, `Zauber pro Tag 7.`, `Zauber pro Tag 8.`, `Zauber pro Tag 9.`, `Schlaghagel Angriffbonus`, `Waffenloser Schaden`, `RK-Bonus`, `Bewegungsbonus`) VALUES (187, 7, '5', 5, 2, 2, 'Hinterhältiger Angriff +4W6', 'Schurke', NULL, NULL, NULL, NULL, NULL, NULL, NULL, NULL, NULL, NULL, NULL, NULL, NULL, NULL);
INSERT INTO `mydb`.`Levelabhängige Klasse` (`idLevelabhängige Klasse`, `Stufe`, `GAB`, `REF`, `WIL`, `ZÄH`, `Speziell`, `Klassen_idKlassen`, `Zauber pro Tag 0.`, `Zauber pro Tag 1.`, `Zauber pro Tag 2.`, `Zauber pro Tag 3.`, `Zauber pro Tag 4.`, `Zauber pro Tag 5.`, `Zauber pro Tag 6.`, `Zauber pro Tag 7.`, `Zauber pro Tag 8.`, `Zauber pro Tag 9.`, `Schlaghagel Angriffbonus`, `Waffenloser Schaden`, `RK-Bonus`, `Bewegungsbonus`) VALUES (188, 8, '6/1', 6, 2, 2, 'Trick, Verbesserte Reflexbewegung', 'Schurke', NULL, NULL, NULL, NULL, NULL, NULL, NULL, NULL, NULL, NULL, NULL, NULL, NULL, NULL);
INSERT INTO `mydb`.`Levelabhängige Klasse` (`idLevelabhängige Klasse`, `Stufe`, `GAB`, `REF`, `WIL`, `ZÄH`, `Speziell`, `Klassen_idKlassen`, `Zauber pro Tag 0.`, `Zauber pro Tag 1.`, `Zauber pro Tag 2.`, `Zauber pro Tag 3.`, `Zauber pro Tag 4.`, `Zauber pro Tag 5.`, `Zauber pro Tag 6.`, `Zauber pro Tag 7.`, `Zauber pro Tag 8.`, `Zauber pro Tag 9.`, `Schlaghagel Angriffbonus`, `Waffenloser Schaden`, `RK-Bonus`, `Bewegungsbonus`) VALUES (189, 9, '6/1', 6, 3, 3, 'Hinterhältiger Angriff +5W6, Fallengespür +3', 'Schurke', NULL, NULL, NULL, NULL, NULL, NULL, NULL, NULL, NULL, NULL, NULL, NULL, NULL, NULL);
INSERT INTO `mydb`.`Levelabhängige Klasse` (`idLevelabhängige Klasse`, `Stufe`, `GAB`, `REF`, `WIL`, `ZÄH`, `Speziell`, `Klassen_idKlassen`, `Zauber pro Tag 0.`, `Zauber pro Tag 1.`, `Zauber pro Tag 2.`, `Zauber pro Tag 3.`, `Zauber pro Tag 4.`, `Zauber pro Tag 5.`, `Zauber pro Tag 6.`, `Zauber pro Tag 7.`, `Zauber pro Tag 8.`, `Zauber pro Tag 9.`, `Schlaghagel Angriffbonus`, `Waffenloser Schaden`, `RK-Bonus`, `Bewegungsbonus`) VALUES (190, 10, '7/2', 7, 3, 3, 'Verbesserter Trick, Trick', 'Schurke', NULL, NULL, NULL, NULL, NULL, NULL, NULL, NULL, NULL, NULL, NULL, NULL, NULL, NULL);
INSERT INTO `mydb`.`Levelabhängige Klasse` (`idLevelabhängige Klasse`, `Stufe`, `GAB`, `REF`, `WIL`, `ZÄH`, `Speziell`, `Klassen_idKlassen`, `Zauber pro Tag 0.`, `Zauber pro Tag 1.`, `Zauber pro Tag 2.`, `Zauber pro Tag 3.`, `Zauber pro Tag 4.`, `Zauber pro Tag 5.`, `Zauber pro Tag 6.`, `Zauber pro Tag 7.`, `Zauber pro Tag 8.`, `Zauber pro Tag 9.`, `Schlaghagel Angriffbonus`, `Waffenloser Schaden`, `RK-Bonus`, `Bewegungsbonus`) VALUES (191, 11, '8/3', 7, 3, 3, 'Hinterhältiger Angriff +6W6', 'Schurke', NULL, NULL, NULL, NULL, NULL, NULL, NULL, NULL, NULL, NULL, NULL, NULL, NULL, NULL);
INSERT INTO `mydb`.`Levelabhängige Klasse` (`idLevelabhängige Klasse`, `Stufe`, `GAB`, `REF`, `WIL`, `ZÄH`, `Speziell`, `Klassen_idKlassen`, `Zauber pro Tag 0.`, `Zauber pro Tag 1.`, `Zauber pro Tag 2.`, `Zauber pro Tag 3.`, `Zauber pro Tag 4.`, `Zauber pro Tag 5.`, `Zauber pro Tag 6.`, `Zauber pro Tag 7.`, `Zauber pro Tag 8.`, `Zauber pro Tag 9.`, `Schlaghagel Angriffbonus`, `Waffenloser Schaden`, `RK-Bonus`, `Bewegungsbonus`) VALUES (192, 12, '9/4', 8, 4, 4, 'Fallengespür +4, Trick', 'Schurke', NULL, NULL, NULL, NULL, NULL, NULL, NULL, NULL, NULL, NULL, NULL, NULL, NULL, NULL);
INSERT INTO `mydb`.`Levelabhängige Klasse` (`idLevelabhängige Klasse`, `Stufe`, `GAB`, `REF`, `WIL`, `ZÄH`, `Speziell`, `Klassen_idKlassen`, `Zauber pro Tag 0.`, `Zauber pro Tag 1.`, `Zauber pro Tag 2.`, `Zauber pro Tag 3.`, `Zauber pro Tag 4.`, `Zauber pro Tag 5.`, `Zauber pro Tag 6.`, `Zauber pro Tag 7.`, `Zauber pro Tag 8.`, `Zauber pro Tag 9.`, `Schlaghagel Angriffbonus`, `Waffenloser Schaden`, `RK-Bonus`, `Bewegungsbonus`) VALUES (193, 13, '9/4', 8, 4, 4, 'Hinterhältiger Angriff +7W6', 'Schurke', NULL, NULL, NULL, NULL, NULL, NULL, NULL, NULL, NULL, NULL, NULL, NULL, NULL, NULL);
INSERT INTO `mydb`.`Levelabhängige Klasse` (`idLevelabhängige Klasse`, `Stufe`, `GAB`, `REF`, `WIL`, `ZÄH`, `Speziell`, `Klassen_idKlassen`, `Zauber pro Tag 0.`, `Zauber pro Tag 1.`, `Zauber pro Tag 2.`, `Zauber pro Tag 3.`, `Zauber pro Tag 4.`, `Zauber pro Tag 5.`, `Zauber pro Tag 6.`, `Zauber pro Tag 7.`, `Zauber pro Tag 8.`, `Zauber pro Tag 9.`, `Schlaghagel Angriffbonus`, `Waffenloser Schaden`, `RK-Bonus`, `Bewegungsbonus`) VALUES (194, 14, '10/5', 9, 4, 4, 'Trick', 'Schurke', NULL, NULL, NULL, NULL, NULL, NULL, NULL, NULL, NULL, NULL, NULL, NULL, NULL, NULL);
INSERT INTO `mydb`.`Levelabhängige Klasse` (`idLevelabhängige Klasse`, `Stufe`, `GAB`, `REF`, `WIL`, `ZÄH`, `Speziell`, `Klassen_idKlassen`, `Zauber pro Tag 0.`, `Zauber pro Tag 1.`, `Zauber pro Tag 2.`, `Zauber pro Tag 3.`, `Zauber pro Tag 4.`, `Zauber pro Tag 5.`, `Zauber pro Tag 6.`, `Zauber pro Tag 7.`, `Zauber pro Tag 8.`, `Zauber pro Tag 9.`, `Schlaghagel Angriffbonus`, `Waffenloser Schaden`, `RK-Bonus`, `Bewegungsbonus`) VALUES (195, 15, '11/6/1', 9, 5, 5, 'Fallengespür +5, Hinterhältiger Angriff +8W6', 'Schurke', NULL, NULL, NULL, NULL, NULL, NULL, NULL, NULL, NULL, NULL, NULL, NULL, NULL, NULL);
INSERT INTO `mydb`.`Levelabhängige Klasse` (`idLevelabhängige Klasse`, `Stufe`, `GAB`, `REF`, `WIL`, `ZÄH`, `Speziell`, `Klassen_idKlassen`, `Zauber pro Tag 0.`, `Zauber pro Tag 1.`, `Zauber pro Tag 2.`, `Zauber pro Tag 3.`, `Zauber pro Tag 4.`, `Zauber pro Tag 5.`, `Zauber pro Tag 6.`, `Zauber pro Tag 7.`, `Zauber pro Tag 8.`, `Zauber pro Tag 9.`, `Schlaghagel Angriffbonus`, `Waffenloser Schaden`, `RK-Bonus`, `Bewegungsbonus`) VALUES (196, 16, '12/7/2', 10, 5, 5, 'Trick', 'Schurke', NULL, NULL, NULL, NULL, NULL, NULL, NULL, NULL, NULL, NULL, NULL, NULL, NULL, NULL);
INSERT INTO `mydb`.`Levelabhängige Klasse` (`idLevelabhängige Klasse`, `Stufe`, `GAB`, `REF`, `WIL`, `ZÄH`, `Speziell`, `Klassen_idKlassen`, `Zauber pro Tag 0.`, `Zauber pro Tag 1.`, `Zauber pro Tag 2.`, `Zauber pro Tag 3.`, `Zauber pro Tag 4.`, `Zauber pro Tag 5.`, `Zauber pro Tag 6.`, `Zauber pro Tag 7.`, `Zauber pro Tag 8.`, `Zauber pro Tag 9.`, `Schlaghagel Angriffbonus`, `Waffenloser Schaden`, `RK-Bonus`, `Bewegungsbonus`) VALUES (197, 17, '12/7/2', 10, 5, 5, 'Hinterhältiger Angriff +9W6', 'Schurke', NULL, NULL, NULL, NULL, NULL, NULL, NULL, NULL, NULL, NULL, NULL, NULL, NULL, NULL);
INSERT INTO `mydb`.`Levelabhängige Klasse` (`idLevelabhängige Klasse`, `Stufe`, `GAB`, `REF`, `WIL`, `ZÄH`, `Speziell`, `Klassen_idKlassen`, `Zauber pro Tag 0.`, `Zauber pro Tag 1.`, `Zauber pro Tag 2.`, `Zauber pro Tag 3.`, `Zauber pro Tag 4.`, `Zauber pro Tag 5.`, `Zauber pro Tag 6.`, `Zauber pro Tag 7.`, `Zauber pro Tag 8.`, `Zauber pro Tag 9.`, `Schlaghagel Angriffbonus`, `Waffenloser Schaden`, `RK-Bonus`, `Bewegungsbonus`) VALUES (198, 18, '13/8/3', 11, 6, 6, 'Fallengespür +6, Trick', 'Schurke', NULL, NULL, NULL, NULL, NULL, NULL, NULL, NULL, NULL, NULL, NULL, NULL, NULL, NULL);
INSERT INTO `mydb`.`Levelabhängige Klasse` (`idLevelabhängige Klasse`, `Stufe`, `GAB`, `REF`, `WIL`, `ZÄH`, `Speziell`, `Klassen_idKlassen`, `Zauber pro Tag 0.`, `Zauber pro Tag 1.`, `Zauber pro Tag 2.`, `Zauber pro Tag 3.`, `Zauber pro Tag 4.`, `Zauber pro Tag 5.`, `Zauber pro Tag 6.`, `Zauber pro Tag 7.`, `Zauber pro Tag 8.`, `Zauber pro Tag 9.`, `Schlaghagel Angriffbonus`, `Waffenloser Schaden`, `RK-Bonus`, `Bewegungsbonus`) VALUES (199, 19, '14/9/4', 11, 6, 6, 'Hinterhältiger Angriff +10W6', 'Schurke', NULL, NULL, NULL, NULL, NULL, NULL, NULL, NULL, NULL, NULL, NULL, NULL, NULL, NULL);
INSERT INTO `mydb`.`Levelabhängige Klasse` (`idLevelabhängige Klasse`, `Stufe`, `GAB`, `REF`, `WIL`, `ZÄH`, `Speziell`, `Klassen_idKlassen`, `Zauber pro Tag 0.`, `Zauber pro Tag 1.`, `Zauber pro Tag 2.`, `Zauber pro Tag 3.`, `Zauber pro Tag 4.`, `Zauber pro Tag 5.`, `Zauber pro Tag 6.`, `Zauber pro Tag 7.`, `Zauber pro Tag 8.`, `Zauber pro Tag 9.`, `Schlaghagel Angriffbonus`, `Waffenloser Schaden`, `RK-Bonus`, `Bewegungsbonus`) VALUES (200, 20, '15/10/5', 12, 6, 6, 'Meisterhafter Angriff, Trick', 'Schurke', NULL, NULL, NULL, NULL, NULL, NULL, NULL, NULL, NULL, NULL, NULL, NULL, NULL, NULL);
INSERT INTO `mydb`.`Levelabhängige Klasse` (`idLevelabhängige Klasse`, `Stufe`, `GAB`, `REF`, `WIL`, `ZÄH`, `Speziell`, `Klassen_idKlassen`, `Zauber pro Tag 0.`, `Zauber pro Tag 1.`, `Zauber pro Tag 2.`, `Zauber pro Tag 3.`, `Zauber pro Tag 4.`, `Zauber pro Tag 5.`, `Zauber pro Tag 6.`, `Zauber pro Tag 7.`, `Zauber pro Tag 8.`, `Zauber pro Tag 9.`, `Schlaghagel Angriffbonus`, `Waffenloser Schaden`, `RK-Bonus`, `Bewegungsbonus`) VALUES (201, 1, '1', 2, 0, 2, '1. Erzfeind, Spuren lesen, Tierempathie', 'Waldläufer', NULL, NULL, NULL, NULL, NULL, NULL, NULL, NULL, NULL, NULL, NULL, NULL, NULL, NULL);
INSERT INTO `mydb`.`Levelabhängige Klasse` (`idLevelabhängige Klasse`, `Stufe`, `GAB`, `REF`, `WIL`, `ZÄH`, `Speziell`, `Klassen_idKlassen`, `Zauber pro Tag 0.`, `Zauber pro Tag 1.`, `Zauber pro Tag 2.`, `Zauber pro Tag 3.`, `Zauber pro Tag 4.`, `Zauber pro Tag 5.`, `Zauber pro Tag 6.`, `Zauber pro Tag 7.`, `Zauber pro Tag 8.`, `Zauber pro Tag 9.`, `Schlaghagel Angriffbonus`, `Waffenloser Schaden`, `RK-Bonus`, `Bewegungsbonus`) VALUES (202, 2, '2', 3, 0, 3, 'Kampfstiltalent', 'Waldläufer', NULL, NULL, NULL, NULL, NULL, NULL, NULL, NULL, NULL, NULL, NULL, NULL, NULL, NULL);
INSERT INTO `mydb`.`Levelabhängige Klasse` (`idLevelabhängige Klasse`, `Stufe`, `GAB`, `REF`, `WIL`, `ZÄH`, `Speziell`, `Klassen_idKlassen`, `Zauber pro Tag 0.`, `Zauber pro Tag 1.`, `Zauber pro Tag 2.`, `Zauber pro Tag 3.`, `Zauber pro Tag 4.`, `Zauber pro Tag 5.`, `Zauber pro Tag 6.`, `Zauber pro Tag 7.`, `Zauber pro Tag 8.`, `Zauber pro Tag 9.`, `Schlaghagel Angriffbonus`, `Waffenloser Schaden`, `RK-Bonus`, `Bewegungsbonus`) VALUES (203, 3, '3', 3, 1, 3, 'Ausdauer, 1. Bevorzugtes Gelände', 'Waldläufer', NULL, NULL, NULL, NULL, NULL, NULL, NULL, NULL, NULL, NULL, NULL, NULL, NULL, NULL);
INSERT INTO `mydb`.`Levelabhängige Klasse` (`idLevelabhängige Klasse`, `Stufe`, `GAB`, `REF`, `WIL`, `ZÄH`, `Speziell`, `Klassen_idKlassen`, `Zauber pro Tag 0.`, `Zauber pro Tag 1.`, `Zauber pro Tag 2.`, `Zauber pro Tag 3.`, `Zauber pro Tag 4.`, `Zauber pro Tag 5.`, `Zauber pro Tag 6.`, `Zauber pro Tag 7.`, `Zauber pro Tag 8.`, `Zauber pro Tag 9.`, `Schlaghagel Angriffbonus`, `Waffenloser Schaden`, `RK-Bonus`, `Bewegungsbonus`) VALUES (204, 4, '4', 4, 1, 4, 'Bund des Jägers', 'Waldläufer', NULL, '0', NULL, NULL, NULL, NULL, NULL, NULL, NULL, NULL, NULL, NULL, NULL, NULL);
INSERT INTO `mydb`.`Levelabhängige Klasse` (`idLevelabhängige Klasse`, `Stufe`, `GAB`, `REF`, `WIL`, `ZÄH`, `Speziell`, `Klassen_idKlassen`, `Zauber pro Tag 0.`, `Zauber pro Tag 1.`, `Zauber pro Tag 2.`, `Zauber pro Tag 3.`, `Zauber pro Tag 4.`, `Zauber pro Tag 5.`, `Zauber pro Tag 6.`, `Zauber pro Tag 7.`, `Zauber pro Tag 8.`, `Zauber pro Tag 9.`, `Schlaghagel Angriffbonus`, `Waffenloser Schaden`, `RK-Bonus`, `Bewegungsbonus`) VALUES (205, 5, '5', 4, 1, 4, '2. Erzfeind', 'Waldläufer', NULL, '1', NULL, NULL, NULL, NULL, NULL, NULL, NULL, NULL, NULL, NULL, NULL, NULL);
INSERT INTO `mydb`.`Levelabhängige Klasse` (`idLevelabhängige Klasse`, `Stufe`, `GAB`, `REF`, `WIL`, `ZÄH`, `Speziell`, `Klassen_idKlassen`, `Zauber pro Tag 0.`, `Zauber pro Tag 1.`, `Zauber pro Tag 2.`, `Zauber pro Tag 3.`, `Zauber pro Tag 4.`, `Zauber pro Tag 5.`, `Zauber pro Tag 6.`, `Zauber pro Tag 7.`, `Zauber pro Tag 8.`, `Zauber pro Tag 9.`, `Schlaghagel Angriffbonus`, `Waffenloser Schaden`, `RK-Bonus`, `Bewegungsbonus`) VALUES (206, 6, '6/1', 5, 2, 5, 'Kampfstiltalent', 'Waldläufer', NULL, '1', NULL, NULL, NULL, NULL, NULL, NULL, NULL, NULL, NULL, NULL, NULL, NULL);
INSERT INTO `mydb`.`Levelabhängige Klasse` (`idLevelabhängige Klasse`, `Stufe`, `GAB`, `REF`, `WIL`, `ZÄH`, `Speziell`, `Klassen_idKlassen`, `Zauber pro Tag 0.`, `Zauber pro Tag 1.`, `Zauber pro Tag 2.`, `Zauber pro Tag 3.`, `Zauber pro Tag 4.`, `Zauber pro Tag 5.`, `Zauber pro Tag 6.`, `Zauber pro Tag 7.`, `Zauber pro Tag 8.`, `Zauber pro Tag 9.`, `Schlaghagel Angriffbonus`, `Waffenloser Schaden`, `RK-Bonus`, `Bewegungsbonus`) VALUES (207, 7, '7/2', 5, 2, 5, 'Unterholz durchqueren', 'Waldläufer', NULL, '1', '0', NULL, NULL, NULL, NULL, NULL, NULL, NULL, NULL, NULL, NULL, NULL);
INSERT INTO `mydb`.`Levelabhängige Klasse` (`idLevelabhängige Klasse`, `Stufe`, `GAB`, `REF`, `WIL`, `ZÄH`, `Speziell`, `Klassen_idKlassen`, `Zauber pro Tag 0.`, `Zauber pro Tag 1.`, `Zauber pro Tag 2.`, `Zauber pro Tag 3.`, `Zauber pro Tag 4.`, `Zauber pro Tag 5.`, `Zauber pro Tag 6.`, `Zauber pro Tag 7.`, `Zauber pro Tag 8.`, `Zauber pro Tag 9.`, `Schlaghagel Angriffbonus`, `Waffenloser Schaden`, `RK-Bonus`, `Bewegungsbonus`) VALUES (208, 8, '8/3', 6, 2, 6, '2. Bevorzugtes Gelände, Schneller Verfolger', 'Waldläufer', NULL, '1', '1', NULL, NULL, NULL, NULL, NULL, NULL, NULL, NULL, NULL, NULL, NULL);
INSERT INTO `mydb`.`Levelabhängige Klasse` (`idLevelabhängige Klasse`, `Stufe`, `GAB`, `REF`, `WIL`, `ZÄH`, `Speziell`, `Klassen_idKlassen`, `Zauber pro Tag 0.`, `Zauber pro Tag 1.`, `Zauber pro Tag 2.`, `Zauber pro Tag 3.`, `Zauber pro Tag 4.`, `Zauber pro Tag 5.`, `Zauber pro Tag 6.`, `Zauber pro Tag 7.`, `Zauber pro Tag 8.`, `Zauber pro Tag 9.`, `Schlaghagel Angriffbonus`, `Waffenloser Schaden`, `RK-Bonus`, `Bewegungsbonus`) VALUES (209, 9, '9/4', 6, 3, 6, 'Entrinnen', 'Waldläufer', NULL, '2', '1', NULL, NULL, NULL, NULL, NULL, NULL, NULL, NULL, NULL, NULL, NULL);
INSERT INTO `mydb`.`Levelabhängige Klasse` (`idLevelabhängige Klasse`, `Stufe`, `GAB`, `REF`, `WIL`, `ZÄH`, `Speziell`, `Klassen_idKlassen`, `Zauber pro Tag 0.`, `Zauber pro Tag 1.`, `Zauber pro Tag 2.`, `Zauber pro Tag 3.`, `Zauber pro Tag 4.`, `Zauber pro Tag 5.`, `Zauber pro Tag 6.`, `Zauber pro Tag 7.`, `Zauber pro Tag 8.`, `Zauber pro Tag 9.`, `Schlaghagel Angriffbonus`, `Waffenloser Schaden`, `RK-Bonus`, `Bewegungsbonus`) VALUES (210, 10, '10/5', 7, 3, 7, '3. Erzfeind, Kampfstiltalent', 'Waldläufer', NULL, '2', '1', '0', NULL, NULL, NULL, NULL, NULL, NULL, NULL, NULL, NULL, NULL);
INSERT INTO `mydb`.`Levelabhängige Klasse` (`idLevelabhängige Klasse`, `Stufe`, `GAB`, `REF`, `WIL`, `ZÄH`, `Speziell`, `Klassen_idKlassen`, `Zauber pro Tag 0.`, `Zauber pro Tag 1.`, `Zauber pro Tag 2.`, `Zauber pro Tag 3.`, `Zauber pro Tag 4.`, `Zauber pro Tag 5.`, `Zauber pro Tag 6.`, `Zauber pro Tag 7.`, `Zauber pro Tag 8.`, `Zauber pro Tag 9.`, `Schlaghagel Angriffbonus`, `Waffenloser Schaden`, `RK-Bonus`, `Bewegungsbonus`) VALUES (211, 11, '11/6/1', 7, 3, 7, 'Beute', 'Waldläufer', NULL, '2', '1', '1', NULL, NULL, NULL, NULL, NULL, NULL, NULL, NULL, NULL, NULL);
INSERT INTO `mydb`.`Levelabhängige Klasse` (`idLevelabhängige Klasse`, `Stufe`, `GAB`, `REF`, `WIL`, `ZÄH`, `Speziell`, `Klassen_idKlassen`, `Zauber pro Tag 0.`, `Zauber pro Tag 1.`, `Zauber pro Tag 2.`, `Zauber pro Tag 3.`, `Zauber pro Tag 4.`, `Zauber pro Tag 5.`, `Zauber pro Tag 6.`, `Zauber pro Tag 7.`, `Zauber pro Tag 8.`, `Zauber pro Tag 9.`, `Schlaghagel Angriffbonus`, `Waffenloser Schaden`, `RK-Bonus`, `Bewegungsbonus`) VALUES (212, 12, '12/7/2', 8, 4, 8, 'Tarnung', 'Waldläufer', NULL, '2', '2', '1', NULL, NULL, NULL, NULL, NULL, NULL, NULL, NULL, NULL, NULL);
INSERT INTO `mydb`.`Levelabhängige Klasse` (`idLevelabhängige Klasse`, `Stufe`, `GAB`, `REF`, `WIL`, `ZÄH`, `Speziell`, `Klassen_idKlassen`, `Zauber pro Tag 0.`, `Zauber pro Tag 1.`, `Zauber pro Tag 2.`, `Zauber pro Tag 3.`, `Zauber pro Tag 4.`, `Zauber pro Tag 5.`, `Zauber pro Tag 6.`, `Zauber pro Tag 7.`, `Zauber pro Tag 8.`, `Zauber pro Tag 9.`, `Schlaghagel Angriffbonus`, `Waffenloser Schaden`, `RK-Bonus`, `Bewegungsbonus`) VALUES (213, 13, '13/8/3', 8, 4, 8, '3. Bevorzugtes Gelände', 'Waldläufer', NULL, '3', '2', '1', '0', NULL, NULL, NULL, NULL, NULL, NULL, NULL, NULL, NULL);
INSERT INTO `mydb`.`Levelabhängige Klasse` (`idLevelabhängige Klasse`, `Stufe`, `GAB`, `REF`, `WIL`, `ZÄH`, `Speziell`, `Klassen_idKlassen`, `Zauber pro Tag 0.`, `Zauber pro Tag 1.`, `Zauber pro Tag 2.`, `Zauber pro Tag 3.`, `Zauber pro Tag 4.`, `Zauber pro Tag 5.`, `Zauber pro Tag 6.`, `Zauber pro Tag 7.`, `Zauber pro Tag 8.`, `Zauber pro Tag 9.`, `Schlaghagel Angriffbonus`, `Waffenloser Schaden`, `RK-Bonus`, `Bewegungsbonus`) VALUES (214, 14, '14/9/4', 9, 4, 9, 'Kampfstiltalent', 'Waldläufer', NULL, '3', '2', '1', '1', NULL, NULL, NULL, NULL, NULL, NULL, NULL, NULL, NULL);
INSERT INTO `mydb`.`Levelabhängige Klasse` (`idLevelabhängige Klasse`, `Stufe`, `GAB`, `REF`, `WIL`, `ZÄH`, `Speziell`, `Klassen_idKlassen`, `Zauber pro Tag 0.`, `Zauber pro Tag 1.`, `Zauber pro Tag 2.`, `Zauber pro Tag 3.`, `Zauber pro Tag 4.`, `Zauber pro Tag 5.`, `Zauber pro Tag 6.`, `Zauber pro Tag 7.`, `Zauber pro Tag 8.`, `Zauber pro Tag 9.`, `Schlaghagel Angriffbonus`, `Waffenloser Schaden`, `RK-Bonus`, `Bewegungsbonus`) VALUES (215, 15, '15/10/5', 9, 5, 9, '4. Erzfeind', 'Waldläufer', NULL, '3', '2', '2', '1', NULL, NULL, NULL, NULL, NULL, NULL, NULL, NULL, NULL);
INSERT INTO `mydb`.`Levelabhängige Klasse` (`idLevelabhängige Klasse`, `Stufe`, `GAB`, `REF`, `WIL`, `ZÄH`, `Speziell`, `Klassen_idKlassen`, `Zauber pro Tag 0.`, `Zauber pro Tag 1.`, `Zauber pro Tag 2.`, `Zauber pro Tag 3.`, `Zauber pro Tag 4.`, `Zauber pro Tag 5.`, `Zauber pro Tag 6.`, `Zauber pro Tag 7.`, `Zauber pro Tag 8.`, `Zauber pro Tag 9.`, `Schlaghagel Angriffbonus`, `Waffenloser Schaden`, `RK-Bonus`, `Bewegungsbonus`) VALUES (216, 16, '16/11/6/1', 10, 5, 10, 'Verbessertes Entrinnen', 'Waldläufer', NULL, '3', '3', '2', '1', NULL, NULL, NULL, NULL, NULL, NULL, NULL, NULL, NULL);
INSERT INTO `mydb`.`Levelabhängige Klasse` (`idLevelabhängige Klasse`, `Stufe`, `GAB`, `REF`, `WIL`, `ZÄH`, `Speziell`, `Klassen_idKlassen`, `Zauber pro Tag 0.`, `Zauber pro Tag 1.`, `Zauber pro Tag 2.`, `Zauber pro Tag 3.`, `Zauber pro Tag 4.`, `Zauber pro Tag 5.`, `Zauber pro Tag 6.`, `Zauber pro Tag 7.`, `Zauber pro Tag 8.`, `Zauber pro Tag 9.`, `Schlaghagel Angriffbonus`, `Waffenloser Schaden`, `RK-Bonus`, `Bewegungsbonus`) VALUES (217, 17, '17/12/7/2', 10, 5, 10, 'Meisterliches Verstecken', 'Waldläufer', NULL, '4', '3', '2', '1', NULL, NULL, NULL, NULL, NULL, NULL, NULL, NULL, NULL);
INSERT INTO `mydb`.`Levelabhängige Klasse` (`idLevelabhängige Klasse`, `Stufe`, `GAB`, `REF`, `WIL`, `ZÄH`, `Speziell`, `Klassen_idKlassen`, `Zauber pro Tag 0.`, `Zauber pro Tag 1.`, `Zauber pro Tag 2.`, `Zauber pro Tag 3.`, `Zauber pro Tag 4.`, `Zauber pro Tag 5.`, `Zauber pro Tag 6.`, `Zauber pro Tag 7.`, `Zauber pro Tag 8.`, `Zauber pro Tag 9.`, `Schlaghagel Angriffbonus`, `Waffenloser Schaden`, `RK-Bonus`, `Bewegungsbonus`) VALUES (218, 18, '18/13/8/3', 11, 6, 11, '4. Bevorzugtes Gelände, Kampfstiltalent', 'Waldläufer', NULL, '4', '3', '2', '2', NULL, NULL, NULL, NULL, NULL, NULL, NULL, NULL, NULL);
INSERT INTO `mydb`.`Levelabhängige Klasse` (`idLevelabhängige Klasse`, `Stufe`, `GAB`, `REF`, `WIL`, `ZÄH`, `Speziell`, `Klassen_idKlassen`, `Zauber pro Tag 0.`, `Zauber pro Tag 1.`, `Zauber pro Tag 2.`, `Zauber pro Tag 3.`, `Zauber pro Tag 4.`, `Zauber pro Tag 5.`, `Zauber pro Tag 6.`, `Zauber pro Tag 7.`, `Zauber pro Tag 8.`, `Zauber pro Tag 9.`, `Schlaghagel Angriffbonus`, `Waffenloser Schaden`, `RK-Bonus`, `Bewegungsbonus`) VALUES (219, 19, '19/14/9/4', 11, 6, 11, 'Verbesserte Beute', 'Waldläufer', NULL, '4', '3', '3', '2', NULL, NULL, NULL, NULL, NULL, NULL, NULL, NULL, NULL);
INSERT INTO `mydb`.`Levelabhängige Klasse` (`idLevelabhängige Klasse`, `Stufe`, `GAB`, `REF`, `WIL`, `ZÄH`, `Speziell`, `Klassen_idKlassen`, `Zauber pro Tag 0.`, `Zauber pro Tag 1.`, `Zauber pro Tag 2.`, `Zauber pro Tag 3.`, `Zauber pro Tag 4.`, `Zauber pro Tag 5.`, `Zauber pro Tag 6.`, `Zauber pro Tag 7.`, `Zauber pro Tag 8.`, `Zauber pro Tag 9.`, `Schlaghagel Angriffbonus`, `Waffenloser Schaden`, `RK-Bonus`, `Bewegungsbonus`) VALUES (220, 20, '20/15/10/5', 12, 6, 12, '5. Erzfeind, Meisterjäger', 'Waldläufer', NULL, '4', '4', '3', '3', NULL, NULL, NULL, NULL, NULL, NULL, NULL, NULL, NULL);

COMMIT;


-- -----------------------------------------------------
-- Data for table `mydb`.`Waffengruppe`
-- -----------------------------------------------------
START TRANSACTION;
USE `mydb`;
INSERT INTO `mydb`.`Waffengruppe` (`idWaffengruppe`, `Waffengruppe`) VALUES (1, 'Einfache Waffen');
INSERT INTO `mydb`.`Waffengruppe` (`idWaffengruppe`, `Waffengruppe`) VALUES (2, 'Kriegswaffen');
INSERT INTO `mydb`.`Waffengruppe` (`idWaffengruppe`, `Waffengruppe`) VALUES (3, 'Exotische Waffen');

COMMIT;


-- -----------------------------------------------------
-- Data for table `mydb`.`Waffenart`
-- -----------------------------------------------------
START TRANSACTION;
USE `mydb`;
INSERT INTO `mydb`.`Waffenart` (`idWaffenart`, `Waffenart`) VALUES (1, 'Waffenlose Angriffe');
INSERT INTO `mydb`.`Waffenart` (`idWaffenart`, `Waffenart`) VALUES (2, 'Leichte Waffen');
INSERT INTO `mydb`.`Waffenart` (`idWaffenart`, `Waffenart`) VALUES (3, 'Einhandwaffen');
INSERT INTO `mydb`.`Waffenart` (`idWaffenart`, `Waffenart`) VALUES (4, 'Zweihandwaffen');
INSERT INTO `mydb`.`Waffenart` (`idWaffenart`, `Waffenart`) VALUES (5, 'Fernkampfwaffen');

COMMIT;


-- -----------------------------------------------------
-- Data for table `mydb`.`Waffenart_has_Waffengruppe`
-- -----------------------------------------------------
START TRANSACTION;
USE `mydb`;
INSERT INTO `mydb`.`Waffenart_has_Waffengruppe` (`idWaf`, `Waffenart_idWaffenart`, `Waffengruppe_idWaffengruppe`) VALUES (1, 1, 1);
INSERT INTO `mydb`.`Waffenart_has_Waffengruppe` (`idWaf`, `Waffenart_idWaffenart`, `Waffengruppe_idWaffengruppe`) VALUES (2, 2, 1);
INSERT INTO `mydb`.`Waffenart_has_Waffengruppe` (`idWaf`, `Waffenart_idWaffenart`, `Waffengruppe_idWaffengruppe`) VALUES (3, 3, 1);
INSERT INTO `mydb`.`Waffenart_has_Waffengruppe` (`idWaf`, `Waffenart_idWaffenart`, `Waffengruppe_idWaffengruppe`) VALUES (4, 4, 1);
INSERT INTO `mydb`.`Waffenart_has_Waffengruppe` (`idWaf`, `Waffenart_idWaffenart`, `Waffengruppe_idWaffengruppe`) VALUES (5, 5, 1);
INSERT INTO `mydb`.`Waffenart_has_Waffengruppe` (`idWaf`, `Waffenart_idWaffenart`, `Waffengruppe_idWaffengruppe`) VALUES (6, 2, 2);
INSERT INTO `mydb`.`Waffenart_has_Waffengruppe` (`idWaf`, `Waffenart_idWaffenart`, `Waffengruppe_idWaffengruppe`) VALUES (7, 3, 2);
INSERT INTO `mydb`.`Waffenart_has_Waffengruppe` (`idWaf`, `Waffenart_idWaffenart`, `Waffengruppe_idWaffengruppe`) VALUES (8, 4, 2);
INSERT INTO `mydb`.`Waffenart_has_Waffengruppe` (`idWaf`, `Waffenart_idWaffenart`, `Waffengruppe_idWaffengruppe`) VALUES (9, 5, 2);
INSERT INTO `mydb`.`Waffenart_has_Waffengruppe` (`idWaf`, `Waffenart_idWaffenart`, `Waffengruppe_idWaffengruppe`) VALUES (10, 2, 3);
INSERT INTO `mydb`.`Waffenart_has_Waffengruppe` (`idWaf`, `Waffenart_idWaffenart`, `Waffengruppe_idWaffengruppe`) VALUES (11, 3, 3);
INSERT INTO `mydb`.`Waffenart_has_Waffengruppe` (`idWaf`, `Waffenart_idWaffenart`, `Waffengruppe_idWaffengruppe`) VALUES (12, 4, 3);
INSERT INTO `mydb`.`Waffenart_has_Waffengruppe` (`idWaf`, `Waffenart_idWaffenart`, `Waffengruppe_idWaffengruppe`) VALUES (13, 5, 3);

COMMIT;


-- -----------------------------------------------------
-- Data for table `mydb`.`Waffen`
-- -----------------------------------------------------
START TRANSACTION;
USE `mydb`;
INSERT INTO `mydb`.`Waffen` (`idWaffen`, `Waffenart_has_Waffengruppe_idWaf`, `Waffe`, `Preis`, `Währung`, `Schaden (K)`, `Schaden (M)`, `Kritischer Treffer`, `Grundreichweite`, `Gewicht`, `Art`, `Speziell`) VALUES (1, 1, 'Panzerhandschuh', 2, 'GM', '1W2', '1W3', 'x2', 0, '1', 'W', '-');
INSERT INTO `mydb`.`Waffen` (`idWaffen`, `Waffenart_has_Waffengruppe_idWaf`, `Waffe`, `Preis`, `Währung`, `Schaden (K)`, `Schaden (M)`, `Kritischer Treffer`, `Grundreichweite`, `Gewicht`, `Art`, `Speziell`) VALUES (2, 1, 'Waffenloser Schlag', 0, 'SM', '1W2', '1W3', 'x2', 0, '0', 'W', 'Nicht tödlich');
INSERT INTO `mydb`.`Waffen` (`idWaffen`, `Waffenart_has_Waffengruppe_idWaf`, `Waffe`, `Preis`, `Währung`, `Schaden (K)`, `Schaden (M)`, `Kritischer Treffer`, `Grundreichweite`, `Gewicht`, `Art`, `Speziell`) VALUES (3, 2, 'Dolch', 2, 'GM', '1W3', '1W4', '19-20/x2', 3, '1', 'H oder S', '-');
INSERT INTO `mydb`.`Waffen` (`idWaffen`, `Waffenart_has_Waffengruppe_idWaf`, `Waffe`, `Preis`, `Währung`, `Schaden (K)`, `Schaden (M)`, `Kritischer Treffer`, `Grundreichweite`, `Gewicht`, `Art`, `Speziell`) VALUES (4, 2, 'Sichel', 6, 'GM', '1W4', '1W6', 'x2', 0, '2', 'H', 'Zu Fall bringen');
INSERT INTO `mydb`.`Waffen` (`idWaffen`, `Waffenart_has_Waffengruppe_idWaf`, `Waffe`, `Preis`, `Währung`, `Schaden (K)`, `Schaden (M)`, `Kritischer Treffer`, `Grundreichweite`, `Gewicht`, `Art`, `Speziell`) VALUES (5, 2, 'Stachelhandschuh', 5, 'GM', '1W3', '1W4', 'x2', 0, '1', 'S', '-');
INSERT INTO `mydb`.`Waffen` (`idWaffen`, `Waffenart_has_Waffengruppe_idWaf`, `Waffe`, `Preis`, `Währung`, `Schaden (K)`, `Schaden (M)`, `Kritischer Treffer`, `Grundreichweite`, `Gewicht`, `Art`, `Speziell`) VALUES (6, 2, 'Streitkolben, leicht', 5, 'GM', '1W4', '1W6', 'x2', 0, '4', 'W', '-');
INSERT INTO `mydb`.`Waffen` (`idWaffen`, `Waffenart_has_Waffengruppe_idWaf`, `Waffe`, `Preis`, `Währung`, `Schaden (K)`, `Schaden (M)`, `Kritischer Treffer`, `Grundreichweite`, `Gewicht`, `Art`, `Speziell`) VALUES (7, 2, 'Stoßdolch', 2, 'GM', '1W3', '1W4', 'x3', 0, '1', 'S', '-');
INSERT INTO `mydb`.`Waffen` (`idWaffen`, `Waffenart_has_Waffengruppe_idWaf`, `Waffe`, `Preis`, `Währung`, `Schaden (K)`, `Schaden (M)`, `Kritischer Treffer`, `Grundreichweite`, `Gewicht`, `Art`, `Speziell`) VALUES (8, 3, 'Morgenstern', 8, 'GM', '1W6', '1W8', 'x2', 0, '6', 'S und W', '-');
INSERT INTO `mydb`.`Waffen` (`idWaffen`, `Waffenart_has_Waffengruppe_idWaf`, `Waffe`, `Preis`, `Währung`, `Schaden (K)`, `Schaden (M)`, `Kritischer Treffer`, `Grundreichweite`, `Gewicht`, `Art`, `Speziell`) VALUES (9, 3, 'Knüppel', 0, 'GM', '1W4', '1W6', 'x2', 3, '3', 'W', '-');
INSERT INTO `mydb`.`Waffen` (`idWaffen`, `Waffenart_has_Waffengruppe_idWaf`, `Waffe`, `Preis`, `Währung`, `Schaden (K)`, `Schaden (M)`, `Kritischer Treffer`, `Grundreichweite`, `Gewicht`, `Art`, `Speziell`) VALUES (10, 3, 'Kurzspeer', 1, 'GM', '1W4', '1W6', 'x2', 6, '3', 'S', '-');
INSERT INTO `mydb`.`Waffen` (`idWaffen`, `Waffenart_has_Waffengruppe_idWaf`, `Waffe`, `Preis`, `Währung`, `Schaden (K)`, `Schaden (M)`, `Kritischer Treffer`, `Grundreichweite`, `Gewicht`, `Art`, `Speziell`) VALUES (11, 3, 'Streitkolben, schwer', 12, 'GM', '1W6', '1W8', 'x2', 0, '8', 'W', '-');
INSERT INTO `mydb`.`Waffen` (`idWaffen`, `Waffenart_has_Waffengruppe_idWaf`, `Waffe`, `Preis`, `Währung`, `Schaden (K)`, `Schaden (M)`, `Kritischer Treffer`, `Grundreichweite`, `Gewicht`, `Art`, `Speziell`) VALUES (12, 4, 'Kampfstab', 0, 'GM', '1W4/1W4', '1W6/1W6', 'x2', 0, '4', 'W', 'Doppel, Mönch');
INSERT INTO `mydb`.`Waffen` (`idWaffen`, `Waffenart_has_Waffengruppe_idWaf`, `Waffe`, `Preis`, `Währung`, `Schaden (K)`, `Schaden (M)`, `Kritischer Treffer`, `Grundreichweite`, `Gewicht`, `Art`, `Speziell`) VALUES (13, 4, 'Langspeer', 5, 'GM', '1W6', '1W8', 'x3', 0, '9', 'S', 'Abwehr, Reichweite');
INSERT INTO `mydb`.`Waffen` (`idWaffen`, `Waffenart_has_Waffengruppe_idWaf`, `Waffe`, `Preis`, `Währung`, `Schaden (K)`, `Schaden (M)`, `Kritischer Treffer`, `Grundreichweite`, `Gewicht`, `Art`, `Speziell`) VALUES (14, 4, 'Speer', 2, 'GM', '1W6', '1W8', 'x3', 6, '6', 'S', 'Abwehr');
INSERT INTO `mydb`.`Waffen` (`idWaffen`, `Waffenart_has_Waffengruppe_idWaf`, `Waffe`, `Preis`, `Währung`, `Schaden (K)`, `Schaden (M)`, `Kritischer Treffer`, `Grundreichweite`, `Gewicht`, `Art`, `Speziell`) VALUES (15, 5, 'Armbrust, schwer', 50, 'GM', '1W8', '1W10', '19-20/x2', 36, '8', 'S', '-');
INSERT INTO `mydb`.`Waffen` (`idWaffen`, `Waffenart_has_Waffengruppe_idWaf`, `Waffe`, `Preis`, `Währung`, `Schaden (K)`, `Schaden (M)`, `Kritischer Treffer`, `Grundreichweite`, `Gewicht`, `Art`, `Speziell`) VALUES (16, 5, 'Armbrustbolzen (10)', 1, 'GM', '-', '-', '0', 0, '1', '-', '-');
INSERT INTO `mydb`.`Waffen` (`idWaffen`, `Waffenart_has_Waffengruppe_idWaf`, `Waffe`, `Preis`, `Währung`, `Schaden (K)`, `Schaden (M)`, `Kritischer Treffer`, `Grundreichweite`, `Gewicht`, `Art`, `Speziell`) VALUES (17, 5, 'Armbrust, leicht', 35, 'GM', '1W6', '1W8', '19-20/x2', 24, '4', 'S', '-');
INSERT INTO `mydb`.`Waffen` (`idWaffen`, `Waffenart_has_Waffengruppe_idWaf`, `Waffe`, `Preis`, `Währung`, `Schaden (K)`, `Schaden (M)`, `Kritischer Treffer`, `Grundreichweite`, `Gewicht`, `Art`, `Speziell`) VALUES (18, 5, 'Blasrohr', 2, 'GM', '1', '1W2', 'x2', 6, '1', 'S', '-');
INSERT INTO `mydb`.`Waffen` (`idWaffen`, `Waffenart_has_Waffengruppe_idWaf`, `Waffe`, `Preis`, `Währung`, `Schaden (K)`, `Schaden (M)`, `Kritischer Treffer`, `Grundreichweite`, `Gewicht`, `Art`, `Speziell`) VALUES (19, 5, 'Blasrohrpfeile', 5, 'SM', '-', '-', '0', 0, '0', '-', '-');
INSERT INTO `mydb`.`Waffen` (`idWaffen`, `Waffenart_has_Waffengruppe_idWaf`, `Waffe`, `Preis`, `Währung`, `Schaden (K)`, `Schaden (M)`, `Kritischer Treffer`, `Grundreichweite`, `Gewicht`, `Art`, `Speziell`) VALUES (20, 5, 'Schleuder', 0, 'GM', '1W3', '1W4', 'x2', 15, '0', 'W', '-');
INSERT INTO `mydb`.`Waffen` (`idWaffen`, `Waffenart_has_Waffengruppe_idWaf`, `Waffe`, `Preis`, `Währung`, `Schaden (K)`, `Schaden (M)`, `Kritischer Treffer`, `Grundreichweite`, `Gewicht`, `Art`, `Speziell`) VALUES (21, 5, 'Schleuderkugeln', 1, 'SM', '-', '-', '0', 0, '5', '-', '-');
INSERT INTO `mydb`.`Waffen` (`idWaffen`, `Waffenart_has_Waffengruppe_idWaf`, `Waffe`, `Preis`, `Währung`, `Schaden (K)`, `Schaden (M)`, `Kritischer Treffer`, `Grundreichweite`, `Gewicht`, `Art`, `Speziell`) VALUES (22, 5, 'Wurfpfeil', 5, 'SM', '1W3', '1W4', 'x2', 6, '0,5', 'S', '-');
INSERT INTO `mydb`.`Waffen` (`idWaffen`, `Waffenart_has_Waffengruppe_idWaf`, `Waffe`, `Preis`, `Währung`, `Schaden (K)`, `Schaden (M)`, `Kritischer Treffer`, `Grundreichweite`, `Gewicht`, `Art`, `Speziell`) VALUES (23, 5, 'Wurfspeer', 1, 'GM', '1W4', '1W6', 'x2', 9, '2', 'S', '-');
INSERT INTO `mydb`.`Waffen` (`idWaffen`, `Waffenart_has_Waffengruppe_idWaf`, `Waffe`, `Preis`, `Währung`, `Schaden (K)`, `Schaden (M)`, `Kritischer Treffer`, `Grundreichweite`, `Gewicht`, `Art`, `Speziell`) VALUES (24, 6, 'Beil', 6, 'GM', '1W4', '1W6', 'x3', 0, '3', 'H', '-');
INSERT INTO `mydb`.`Waffen` (`idWaffen`, `Waffenart_has_Waffengruppe_idWaf`, `Waffe`, `Preis`, `Währung`, `Schaden (K)`, `Schaden (M)`, `Kritischer Treffer`, `Grundreichweite`, `Gewicht`, `Art`, `Speziell`) VALUES (25, 6, 'Hammer, leicht', 1, 'GM', '1W3', '1W4', 'x2', 6, '2', 'W', '-');
INSERT INTO `mydb`.`Waffen` (`idWaffen`, `Waffenart_has_Waffengruppe_idWaf`, `Waffe`, `Preis`, `Währung`, `Schaden (K)`, `Schaden (M)`, `Kritischer Treffer`, `Grundreichweite`, `Gewicht`, `Art`, `Speziell`) VALUES (26, 6, 'Kukri', 8, 'GM', '1W3', '1W4', '18-20/x2', 0, '2', 'H', '-');
INSERT INTO `mydb`.`Waffen` (`idWaffen`, `Waffenart_has_Waffengruppe_idWaf`, `Waffe`, `Preis`, `Währung`, `Schaden (K)`, `Schaden (M)`, `Kritischer Treffer`, `Grundreichweite`, `Gewicht`, `Art`, `Speziell`) VALUES (27, 6, 'Kurzschwert', 10, 'GM', '1W4', '1W6', '19-20/x2', 0, '2', 'S', '-');
INSERT INTO `mydb`.`Waffen` (`idWaffen`, `Waffenart_has_Waffengruppe_idWaf`, `Waffe`, `Preis`, `Währung`, `Schaden (K)`, `Schaden (M)`, `Kritischer Treffer`, `Grundreichweite`, `Gewicht`, `Art`, `Speziell`) VALUES (28, 6, 'Rüstungsstacheln', 0, 'Speziell', '1W4', '1W6', 'x2', 0, 'Speziell', 'S', '-');
INSERT INTO `mydb`.`Waffen` (`idWaffen`, `Waffenart_has_Waffengruppe_idWaf`, `Waffe`, `Preis`, `Währung`, `Schaden (K)`, `Schaden (M)`, `Kritischer Treffer`, `Grundreichweite`, `Gewicht`, `Art`, `Speziell`) VALUES (29, 6, 'Schild, leicht', 0, 'Speziell', '1W2', '1W3', 'x2', 0, 'Speziell', 'W', '-');
INSERT INTO `mydb`.`Waffen` (`idWaffen`, `Waffenart_has_Waffengruppe_idWaf`, `Waffe`, `Preis`, `Währung`, `Schaden (K)`, `Schaden (M)`, `Kritischer Treffer`, `Grundreichweite`, `Gewicht`, `Art`, `Speziell`) VALUES (30, 6, 'Stachelschild, leicht', 0, 'Speziell', '1W3', '1W4', 'x2', 0, 'Speziell', 'S', '-');
INSERT INTO `mydb`.`Waffen` (`idWaffen`, `Waffenart_has_Waffengruppe_idWaf`, `Waffe`, `Preis`, `Währung`, `Schaden (K)`, `Schaden (M)`, `Kritischer Treffer`, `Grundreichweite`, `Gewicht`, `Art`, `Speziell`) VALUES (31, 6, 'Sternmesser', 24, 'GM', '1W3', '1W4', 'x3', 6, '3', 'S', '-');
INSERT INTO `mydb`.`Waffen` (`idWaffen`, `Waffenart_has_Waffengruppe_idWaf`, `Waffe`, `Preis`, `Währung`, `Schaden (K)`, `Schaden (M)`, `Kritischer Treffer`, `Grundreichweite`, `Gewicht`, `Art`, `Speziell`) VALUES (32, 6, 'Streithammer, leicht', 4, 'GM', '1W3', '1W4', 'x4', 0, '3', 'S', '-');
INSERT INTO `mydb`.`Waffen` (`idWaffen`, `Waffenart_has_Waffengruppe_idWaf`, `Waffe`, `Preis`, `Währung`, `Schaden (K)`, `Schaden (M)`, `Kritischer Treffer`, `Grundreichweite`, `Gewicht`, `Art`, `Speziell`) VALUES (33, 6, 'Totschläger', 1, 'GM', '1W4', '1W6', 'x2', 0, '2', 'W', 'Nicht tödlich');
INSERT INTO `mydb`.`Waffen` (`idWaffen`, `Waffenart_has_Waffengruppe_idWaf`, `Waffe`, `Preis`, `Währung`, `Schaden (K)`, `Schaden (M)`, `Kritischer Treffer`, `Grundreichweite`, `Gewicht`, `Art`, `Speziell`) VALUES (34, 6, 'Wurfaxt', 8, 'GM', '1W4', '1W6', 'x2', 3, '2', 'H', '-');
INSERT INTO `mydb`.`Waffen` (`idWaffen`, `Waffenart_has_Waffengruppe_idWaf`, `Waffe`, `Preis`, `Währung`, `Schaden (K)`, `Schaden (M)`, `Kritischer Treffer`, `Grundreichweite`, `Gewicht`, `Art`, `Speziell`) VALUES (35, 7, 'Dreizack', 15, 'GM', '1W6', '1W8', 'x2', 3, '4', 'S', 'Abwehr');
INSERT INTO `mydb`.`Waffen` (`idWaffen`, `Waffenart_has_Waffengruppe_idWaf`, `Waffe`, `Preis`, `Währung`, `Schaden (K)`, `Schaden (M)`, `Kritischer Treffer`, `Grundreichweite`, `Gewicht`, `Art`, `Speziell`) VALUES (36, 7, 'Kriegshammer', 12, 'GM', '1W6', '1W8', 'x3', 0, '5', 'W', '-');
INSERT INTO `mydb`.`Waffen` (`idWaffen`, `Waffenart_has_Waffengruppe_idWaf`, `Waffe`, `Preis`, `Währung`, `Schaden (K)`, `Schaden (M)`, `Kritischer Treffer`, `Grundreichweite`, `Gewicht`, `Art`, `Speziell`) VALUES (37, 7, 'Krummsäbel', 15, 'GM', '1W4', '1W6', '18-20/x2', 0, '4', 'H', '-');
INSERT INTO `mydb`.`Waffen` (`idWaffen`, `Waffenart_has_Waffengruppe_idWaf`, `Waffe`, `Preis`, `Währung`, `Schaden (K)`, `Schaden (M)`, `Kritischer Treffer`, `Grundreichweite`, `Gewicht`, `Art`, `Speziell`) VALUES (38, 7, 'Langschwert', 15, 'GM', '1W6', '1W8', '19-20/x2', 0, '4', 'H', '-');
INSERT INTO `mydb`.`Waffen` (`idWaffen`, `Waffenart_has_Waffengruppe_idWaf`, `Waffe`, `Preis`, `Währung`, `Schaden (K)`, `Schaden (M)`, `Kritischer Treffer`, `Grundreichweite`, `Gewicht`, `Art`, `Speziell`) VALUES (39, 7, 'Rapier', 20, 'GM', '1W4', '1W6', '18-20/x2', 0, '2', 'S', '-');
INSERT INTO `mydb`.`Waffen` (`idWaffen`, `Waffenart_has_Waffengruppe_idWaf`, `Waffe`, `Preis`, `Währung`, `Schaden (K)`, `Schaden (M)`, `Kritischer Treffer`, `Grundreichweite`, `Gewicht`, `Art`, `Speziell`) VALUES (40, 7, 'Schild, schwer', 0, 'Speziell', '1W3', '1W4', 'x2', 0, 'Speziell', 'W', '-');
INSERT INTO `mydb`.`Waffen` (`idWaffen`, `Waffenart_has_Waffengruppe_idWaf`, `Waffe`, `Preis`, `Währung`, `Schaden (K)`, `Schaden (M)`, `Kritischer Treffer`, `Grundreichweite`, `Gewicht`, `Art`, `Speziell`) VALUES (41, 7, 'Stachelschild, schwer', 0, 'Speziell', '1W4', '1W6', 'x2', 0, 'Speziell', 'S', '-');
INSERT INTO `mydb`.`Waffen` (`idWaffen`, `Waffenart_has_Waffengruppe_idWaf`, `Waffe`, `Preis`, `Währung`, `Schaden (K)`, `Schaden (M)`, `Kritischer Treffer`, `Grundreichweite`, `Gewicht`, `Art`, `Speziell`) VALUES (42, 7, 'Streitaxt', 10, 'GM', '1W6', '1W8', 'x3', 0, '6', 'H', '-');
INSERT INTO `mydb`.`Waffen` (`idWaffen`, `Waffenart_has_Waffengruppe_idWaf`, `Waffe`, `Preis`, `Währung`, `Schaden (K)`, `Schaden (M)`, `Kritischer Treffer`, `Grundreichweite`, `Gewicht`, `Art`, `Speziell`) VALUES (43, 7, 'Streitflegel', 8, 'GM', '1W6', '1W8', 'x2', 0, '5', 'W', 'Entwaffnen, Zu Fall bringen');
INSERT INTO `mydb`.`Waffen` (`idWaffen`, `Waffenart_has_Waffengruppe_idWaf`, `Waffe`, `Preis`, `Währung`, `Schaden (K)`, `Schaden (M)`, `Kritischer Treffer`, `Grundreichweite`, `Gewicht`, `Art`, `Speziell`) VALUES (44, 7, 'Streithammer, schwer', 8, 'GM', '1W4', '1W6', 'x4', 0, '6', 'S', '-');
INSERT INTO `mydb`.`Waffen` (`idWaffen`, `Waffenart_has_Waffengruppe_idWaf`, `Waffe`, `Preis`, `Währung`, `Schaden (K)`, `Schaden (M)`, `Kritischer Treffer`, `Grundreichweite`, `Gewicht`, `Art`, `Speziell`) VALUES (45, 8, 'Glefe', 8, 'GM', '1W8', '1W10', 'x3', 0, '10', 'H', 'Reichweite');
INSERT INTO `mydb`.`Waffen` (`idWaffen`, `Waffenart_has_Waffengruppe_idWaf`, `Waffe`, `Preis`, `Währung`, `Schaden (K)`, `Schaden (M)`, `Kritischer Treffer`, `Grundreichweite`, `Gewicht`, `Art`, `Speziell`) VALUES (46, 8, 'Guisarme', 9, 'GM', '1W6', '2W4', 'x3', 0, '12', 'H', 'Reichweite, Zu Fall bringen');
INSERT INTO `mydb`.`Waffen` (`idWaffen`, `Waffenart_has_Waffengruppe_idWaf`, `Waffe`, `Preis`, `Währung`, `Schaden (K)`, `Schaden (M)`, `Kritischer Treffer`, `Grundreichweite`, `Gewicht`, `Art`, `Speziell`) VALUES (47, 8, 'Hellebarde', 10, 'GM', '1W8', '1W10', 'x3', 0, '12', 'H oder S', 'Abwehr, Zu Fall bringen');
INSERT INTO `mydb`.`Waffen` (`idWaffen`, `Waffenart_has_Waffengruppe_idWaf`, `Waffe`, `Preis`, `Währung`, `Schaden (K)`, `Schaden (M)`, `Kritischer Treffer`, `Grundreichweite`, `Gewicht`, `Art`, `Speziell`) VALUES (48, 8, 'Krummschwert', 75, 'GM', '1W6', '2W4', '18-20/x2', 0, '8', 'H', '-');
INSERT INTO `mydb`.`Waffen` (`idWaffen`, `Waffenart_has_Waffengruppe_idWaf`, `Waffe`, `Preis`, `Währung`, `Schaden (K)`, `Schaden (M)`, `Kritischer Treffer`, `Grundreichweite`, `Gewicht`, `Art`, `Speziell`) VALUES (49, 8, 'Lanze', 10, 'GM', '1W6', '1W8', 'x3', 0, '10', 'S', 'Reichweite');
INSERT INTO `mydb`.`Waffen` (`idWaffen`, `Waffenart_has_Waffengruppe_idWaf`, `Waffe`, `Preis`, `Währung`, `Schaden (K)`, `Schaden (M)`, `Kritischer Treffer`, `Grundreichweite`, `Gewicht`, `Art`, `Speziell`) VALUES (50, 8, 'Ranseur', 10, 'GM', '1W6', '2W4', 'x3', 0, '12', 'S', 'Entwaffnen, Reichweite');
INSERT INTO `mydb`.`Waffen` (`idWaffen`, `Waffenart_has_Waffengruppe_idWaf`, `Waffe`, `Preis`, `Währung`, `Schaden (K)`, `Schaden (M)`, `Kritischer Treffer`, `Grundreichweite`, `Gewicht`, `Art`, `Speziell`) VALUES (51, 8, 'Sense', 18, 'GM', '1W6', '2W4', 'x4', 0, '10', 'H oder S', 'Zu Fall bringen');
INSERT INTO `mydb`.`Waffen` (`idWaffen`, `Waffenart_has_Waffengruppe_idWaf`, `Waffe`, `Preis`, `Währung`, `Schaden (K)`, `Schaden (M)`, `Kritischer Treffer`, `Grundreichweite`, `Gewicht`, `Art`, `Speziell`) VALUES (52, 8, 'Streitflegel, schwer', 15, 'GM', '1W8', '1W10', '19-20/x2', 0, '10', 'W', 'Entwaffnen, Zu Fall bringen');
INSERT INTO `mydb`.`Waffen` (`idWaffen`, `Waffenart_has_Waffengruppe_idWaf`, `Waffe`, `Preis`, `Währung`, `Schaden (K)`, `Schaden (M)`, `Kritischer Treffer`, `Grundreichweite`, `Gewicht`, `Art`, `Speziell`) VALUES (53, 8, 'Zweihänder', 50, 'GM', '1W10', '2W6', '19-20/x2', 0, '8', 'H', '-');
INSERT INTO `mydb`.`Waffen` (`idWaffen`, `Waffenart_has_Waffengruppe_idWaf`, `Waffe`, `Preis`, `Währung`, `Schaden (K)`, `Schaden (M)`, `Kritischer Treffer`, `Grundreichweite`, `Gewicht`, `Art`, `Speziell`) VALUES (54, 8, 'Zweihändige Axt', 20, 'GM', '1W10', '1W12', 'x3', 0, '12', 'H', '-');
INSERT INTO `mydb`.`Waffen` (`idWaffen`, `Waffenart_has_Waffengruppe_idWaf`, `Waffe`, `Preis`, `Währung`, `Schaden (K)`, `Schaden (M)`, `Kritischer Treffer`, `Grundreichweite`, `Gewicht`, `Art`, `Speziell`) VALUES (55, 8, 'Zweihändige Keule', 5, 'GM', '1W8', '1W10', 'x2', 0, '8', 'W', '-');
INSERT INTO `mydb`.`Waffen` (`idWaffen`, `Waffenart_has_Waffengruppe_idWaf`, `Waffe`, `Preis`, `Währung`, `Schaden (K)`, `Schaden (M)`, `Kritischer Treffer`, `Grundreichweite`, `Gewicht`, `Art`, `Speziell`) VALUES (56, 9, 'Kurzbogen', 30, 'GM', '1W4', '1W6', 'x3', 18, '2', 'S', '-');
INSERT INTO `mydb`.`Waffen` (`idWaffen`, `Waffenart_has_Waffengruppe_idWaf`, `Waffe`, `Preis`, `Währung`, `Schaden (K)`, `Schaden (M)`, `Kritischer Treffer`, `Grundreichweite`, `Gewicht`, `Art`, `Speziell`) VALUES (57, 9, 'Pfeile (20)', 1, 'GM', '-', '-', '0', 0, '3', '-', '-');
INSERT INTO `mydb`.`Waffen` (`idWaffen`, `Waffenart_has_Waffengruppe_idWaf`, `Waffe`, `Preis`, `Währung`, `Schaden (K)`, `Schaden (M)`, `Kritischer Treffer`, `Grundreichweite`, `Gewicht`, `Art`, `Speziell`) VALUES (58, 9, 'Kompositbogen, kurz', 75, 'GM', '1W4', '1W6', 'x3', 21, '2', 'S', '-');
INSERT INTO `mydb`.`Waffen` (`idWaffen`, `Waffenart_has_Waffengruppe_idWaf`, `Waffe`, `Preis`, `Währung`, `Schaden (K)`, `Schaden (M)`, `Kritischer Treffer`, `Grundreichweite`, `Gewicht`, `Art`, `Speziell`) VALUES (59, 9, 'Langbogen', 75, 'GM', '1W6', '1W8', 'x3', 30, '3', 'S', '-');
INSERT INTO `mydb`.`Waffen` (`idWaffen`, `Waffenart_has_Waffengruppe_idWaf`, `Waffe`, `Preis`, `Währung`, `Schaden (K)`, `Schaden (M)`, `Kritischer Treffer`, `Grundreichweite`, `Gewicht`, `Art`, `Speziell`) VALUES (60, 9, 'Kompositbogen, lang', 100, 'GM', '1W6', '1W8', 'x3', 33, '3', 'S', '-');
INSERT INTO `mydb`.`Waffen` (`idWaffen`, `Waffenart_has_Waffengruppe_idWaf`, `Waffe`, `Preis`, `Währung`, `Schaden (K)`, `Schaden (M)`, `Kritischer Treffer`, `Grundreichweite`, `Gewicht`, `Art`, `Speziell`) VALUES (61, 10, 'Kama', 2, 'GM', '1W4', '1W6', 'x2', 0, '2', 'H', 'Mönch, Zu Fall bringen');
INSERT INTO `mydb`.`Waffen` (`idWaffen`, `Waffenart_has_Waffengruppe_idWaf`, `Waffe`, `Preis`, `Währung`, `Schaden (K)`, `Schaden (M)`, `Kritischer Treffer`, `Grundreichweite`, `Gewicht`, `Art`, `Speziell`) VALUES (62, 10, 'Nunchaku', 2, 'GM', '1W4', '1W6', 'x2', 0, '2', 'W', 'Entwaffnen, Mönch');
INSERT INTO `mydb`.`Waffen` (`idWaffen`, `Waffenart_has_Waffengruppe_idWaf`, `Waffe`, `Preis`, `Währung`, `Schaden (K)`, `Schaden (M)`, `Kritischer Treffer`, `Grundreichweite`, `Gewicht`, `Art`, `Speziell`) VALUES (63, 10, 'Sai', 1, 'GM', '1W3', '1W4', 'x2', 0, '1', 'W', 'Entwaffnen, Mönch');
INSERT INTO `mydb`.`Waffen` (`idWaffen`, `Waffenart_has_Waffengruppe_idWaf`, `Waffe`, `Preis`, `Währung`, `Schaden (K)`, `Schaden (M)`, `Kritischer Treffer`, `Grundreichweite`, `Gewicht`, `Art`, `Speziell`) VALUES (64, 10, 'Siangham', 3, 'GM', '1W4', '1W6', 'x2', 0, '1', 'S', 'Mönch');
INSERT INTO `mydb`.`Waffen` (`idWaffen`, `Waffenart_has_Waffengruppe_idWaf`, `Waffe`, `Preis`, `Währung`, `Schaden (K)`, `Schaden (M)`, `Kritischer Treffer`, `Grundreichweite`, `Gewicht`, `Art`, `Speziell`) VALUES (65, 11, 'Bastardschwert', 35, 'GM', '1W8', '1W10', '19-20/x2', 0, '6', 'H', '-');
INSERT INTO `mydb`.`Waffen` (`idWaffen`, `Waffenart_has_Waffengruppe_idWaf`, `Waffe`, `Preis`, `Währung`, `Schaden (K)`, `Schaden (M)`, `Kritischer Treffer`, `Grundreichweite`, `Gewicht`, `Art`, `Speziell`) VALUES (66, 11, 'Peitsche', 1, 'GM', '1W2', '1W3', 'x2', 0, '2', 'H', 'Entwaffnen, nicht Tödlich, Reichweite, Zu Fall bringen');
INSERT INTO `mydb`.`Waffen` (`idWaffen`, `Waffenart_has_Waffengruppe_idWaf`, `Waffe`, `Preis`, `Währung`, `Schaden (K)`, `Schaden (M)`, `Kritischer Treffer`, `Grundreichweite`, `Gewicht`, `Art`, `Speziell`) VALUES (67, 11, 'Zwergische Streitaxt', 30, 'GM', '1W8', '1W10', 'x3', 0, '8', 'H', '-');
INSERT INTO `mydb`.`Waffen` (`idWaffen`, `Waffenart_has_Waffengruppe_idWaf`, `Waffe`, `Preis`, `Währung`, `Schaden (K)`, `Schaden (M)`, `Kritischer Treffer`, `Grundreichweite`, `Gewicht`, `Art`, `Speziell`) VALUES (68, 12, 'Doppelklingenschwert', 100, 'GM', '1W6/1W6', '1W8/1W8', '19-20/x2', 0, '10', 'H', 'Doppel');
INSERT INTO `mydb`.`Waffen` (`idWaffen`, `Waffenart_has_Waffengruppe_idWaf`, `Waffe`, `Preis`, `Währung`, `Schaden (K)`, `Schaden (M)`, `Kritischer Treffer`, `Grundreichweite`, `Gewicht`, `Art`, `Speziell`) VALUES (69, 12, 'Elf. Krummschwert', 80, 'GM', '1W8', '1W10', '18-20/x2', 0, '7', 'H', '-');
INSERT INTO `mydb`.`Waffen` (`idWaffen`, `Waffenart_has_Waffengruppe_idWaf`, `Waffe`, `Preis`, `Währung`, `Schaden (K)`, `Schaden (M)`, `Kritischer Treffer`, `Grundreichweite`, `Gewicht`, `Art`, `Speziell`) VALUES (70, 12, 'Gnomischer Hakenhammer', 20, 'GM', '1W6/1W4', '1W8/1W6', 'x3/x4', 0, '6', 'S oder W', 'Doppel, Zu Fall bringen');
INSERT INTO `mydb`.`Waffen` (`idWaffen`, `Waffenart_has_Waffengruppe_idWaf`, `Waffe`, `Preis`, `Währung`, `Schaden (K)`, `Schaden (M)`, `Kritischer Treffer`, `Grundreichweite`, `Gewicht`, `Art`, `Speziell`) VALUES (71, 12, 'Orkische Doppeltaxt', 60, 'GM', '1W6/1W6', '1W8/1W8', 'x3', 0, '15', 'H', 'Doppel');
INSERT INTO `mydb`.`Waffen` (`idWaffen`, `Waffenart_has_Waffengruppe_idWaf`, `Waffe`, `Preis`, `Währung`, `Schaden (K)`, `Schaden (M)`, `Kritischer Treffer`, `Grundreichweite`, `Gewicht`, `Art`, `Speziell`) VALUES (72, 12, 'Stachelkette', 25, 'GM', '1W6', '2W4', 'x2', 0, '10', 'S', 'Entwaffnen, Zu Fall bringen');
INSERT INTO `mydb`.`Waffen` (`idWaffen`, `Waffenart_has_Waffengruppe_idWaf`, `Waffe`, `Preis`, `Währung`, `Schaden (K)`, `Schaden (M)`, `Kritischer Treffer`, `Grundreichweite`, `Gewicht`, `Art`, `Speziell`) VALUES (73, 12, 'Schreckensflegel', 90, 'GM', '1W6/1W6', '1W8/1W8', 'x2', 0, '10', 'W', 'Doppel, Entwaffnen, Zu Fall bringen');
INSERT INTO `mydb`.`Waffen` (`idWaffen`, `Waffenart_has_Waffengruppe_idWaf`, `Waffe`, `Preis`, `Währung`, `Schaden (K)`, `Schaden (M)`, `Kritischer Treffer`, `Grundreichweite`, `Gewicht`, `Art`, `Speziell`) VALUES (74, 12, 'Zwergische Urgrosch', 50, 'GM', '1W6/1W4', '1W8/1W6', 'x3', 0, '12', 'H oder S', 'Abwehr, Doppel');
INSERT INTO `mydb`.`Waffen` (`idWaffen`, `Waffenart_has_Waffengruppe_idWaf`, `Waffe`, `Preis`, `Währung`, `Schaden (K)`, `Schaden (M)`, `Kritischer Treffer`, `Grundreichweite`, `Gewicht`, `Art`, `Speziell`) VALUES (75, 13, 'Bolas', 5, 'GM', '1W3', '1W4', 'x2', 3, '2', 'W', 'Nicht Tödlich, Zu Fall bringen');
INSERT INTO `mydb`.`Waffen` (`idWaffen`, `Waffenart_has_Waffengruppe_idWaf`, `Waffe`, `Preis`, `Währung`, `Schaden (K)`, `Schaden (M)`, `Kritischer Treffer`, `Grundreichweite`, `Gewicht`, `Art`, `Speziell`) VALUES (76, 13, 'Halblingsschleuderstab', 20, 'GM', '1W6', '1W8', 'x3', 24, '3', 'W', '-');
INSERT INTO `mydb`.`Waffen` (`idWaffen`, `Waffenart_has_Waffengruppe_idWaf`, `Waffe`, `Preis`, `Währung`, `Schaden (K)`, `Schaden (M)`, `Kritischer Treffer`, `Grundreichweite`, `Gewicht`, `Art`, `Speziell`) VALUES (77, 13, 'Schleuderkugeln 2 (10)', 1, 'SM', '-', '-', '0', 0, '5', '-', '-');
INSERT INTO `mydb`.`Waffen` (`idWaffen`, `Waffenart_has_Waffengruppe_idWaf`, `Waffe`, `Preis`, `Währung`, `Schaden (K)`, `Schaden (M)`, `Kritischer Treffer`, `Grundreichweite`, `Gewicht`, `Art`, `Speziell`) VALUES (78, 13, 'Handarmbrust', 100, 'GM', '1W3', '1W4', '19-20/x2', 9, '2', 'S', '-');
INSERT INTO `mydb`.`Waffen` (`idWaffen`, `Waffenart_has_Waffengruppe_idWaf`, `Waffe`, `Preis`, `Währung`, `Schaden (K)`, `Schaden (M)`, `Kritischer Treffer`, `Grundreichweite`, `Gewicht`, `Art`, `Speziell`) VALUES (79, 13, 'Bolzen (10)', 1, 'GM', '-', '-', '0', 0, '1', '-', '-');
INSERT INTO `mydb`.`Waffen` (`idWaffen`, `Waffenart_has_Waffengruppe_idWaf`, `Waffe`, `Preis`, `Währung`, `Schaden (K)`, `Schaden (M)`, `Kritischer Treffer`, `Grundreichweite`, `Gewicht`, `Art`, `Speziell`) VALUES (80, 13, 'Netz', 20, 'GM', '-', '-', '0', 3, '6', '-', '-');
INSERT INTO `mydb`.`Waffen` (`idWaffen`, `Waffenart_has_Waffengruppe_idWaf`, `Waffe`, `Preis`, `Währung`, `Schaden (K)`, `Schaden (M)`, `Kritischer Treffer`, `Grundreichweite`, `Gewicht`, `Art`, `Speziell`) VALUES (81, 13, 'Repetierarmbrust, schwer', 400, 'GM', '1W8', '1W10', '19-20/x2', 36, '12', 'S', '-');
INSERT INTO `mydb`.`Waffen` (`idWaffen`, `Waffenart_has_Waffengruppe_idWaf`, `Waffe`, `Preis`, `Währung`, `Schaden (K)`, `Schaden (M)`, `Kritischer Treffer`, `Grundreichweite`, `Gewicht`, `Art`, `Speziell`) VALUES (82, 13, 'Bolzen (Repetier) (5)', 1, 'GM', '-', '-', '0', 0, '1', '-', '-');
INSERT INTO `mydb`.`Waffen` (`idWaffen`, `Waffenart_has_Waffengruppe_idWaf`, `Waffe`, `Preis`, `Währung`, `Schaden (K)`, `Schaden (M)`, `Kritischer Treffer`, `Grundreichweite`, `Gewicht`, `Art`, `Speziell`) VALUES (83, 13, 'Repetierarmbust, leicht', 250, 'GM', '1W6', '1W8', '19-20/x2', 24, '6', 'S', '-');
INSERT INTO `mydb`.`Waffen` (`idWaffen`, `Waffenart_has_Waffengruppe_idWaf`, `Waffe`, `Preis`, `Währung`, `Schaden (K)`, `Schaden (M)`, `Kritischer Treffer`, `Grundreichweite`, `Gewicht`, `Art`, `Speziell`) VALUES (84, 13, 'Shuriken (5)', 1, 'GM', '1', '1W2', 'x2', 3, '0,5', 'S', 'Mönch');

COMMIT;


-- -----------------------------------------------------
-- Data for table `mydb`.`Umgang_mit_Waffengruppe`
-- -----------------------------------------------------
START TRANSACTION;
USE `mydb`;
INSERT INTO `mydb`.`Umgang_mit_Waffengruppe` (`Klassen_idKlassen`, `Waffengruppe_idWaffengruppe`) VALUES ('Barbar', 1);
INSERT INTO `mydb`.`Umgang_mit_Waffengruppe` (`Klassen_idKlassen`, `Waffengruppe_idWaffengruppe`) VALUES ('Barbar', 2);
INSERT INTO `mydb`.`Umgang_mit_Waffengruppe` (`Klassen_idKlassen`, `Waffengruppe_idWaffengruppe`) VALUES ('Barde', 1);
INSERT INTO `mydb`.`Umgang_mit_Waffengruppe` (`Klassen_idKlassen`, `Waffengruppe_idWaffengruppe`) VALUES ('Hexenmeister', 1);
INSERT INTO `mydb`.`Umgang_mit_Waffengruppe` (`Klassen_idKlassen`, `Waffengruppe_idWaffengruppe`) VALUES ('Kämpfer', 1);
INSERT INTO `mydb`.`Umgang_mit_Waffengruppe` (`Klassen_idKlassen`, `Waffengruppe_idWaffengruppe`) VALUES ('Kämpfer', 2);
INSERT INTO `mydb`.`Umgang_mit_Waffengruppe` (`Klassen_idKlassen`, `Waffengruppe_idWaffengruppe`) VALUES ('Kleriker', 1);
INSERT INTO `mydb`.`Umgang_mit_Waffengruppe` (`Klassen_idKlassen`, `Waffengruppe_idWaffengruppe`) VALUES ('Paladin', 1);
INSERT INTO `mydb`.`Umgang_mit_Waffengruppe` (`Klassen_idKlassen`, `Waffengruppe_idWaffengruppe`) VALUES ('Paladin', 2);
INSERT INTO `mydb`.`Umgang_mit_Waffengruppe` (`Klassen_idKlassen`, `Waffengruppe_idWaffengruppe`) VALUES ('Schurke', 1);
INSERT INTO `mydb`.`Umgang_mit_Waffengruppe` (`Klassen_idKlassen`, `Waffengruppe_idWaffengruppe`) VALUES ('Waldläufer', 1);
INSERT INTO `mydb`.`Umgang_mit_Waffengruppe` (`Klassen_idKlassen`, `Waffengruppe_idWaffengruppe`) VALUES ('Waldläufer', 2);

COMMIT;


-- -----------------------------------------------------
-- Data for table `mydb`.`Umgang_mit_Waffen_Einzel`
-- -----------------------------------------------------
START TRANSACTION;
USE `mydb`;
INSERT INTO `mydb`.`Umgang_mit_Waffen_Einzel` (`Klassen_idKlassen`, `Waffen_idWaffen`) VALUES ('Barde', 27);
INSERT INTO `mydb`.`Umgang_mit_Waffen_Einzel` (`Klassen_idKlassen`, `Waffen_idWaffen`) VALUES ('Barde', 33);
INSERT INTO `mydb`.`Umgang_mit_Waffen_Einzel` (`Klassen_idKlassen`, `Waffen_idWaffen`) VALUES ('Barde', 38);
INSERT INTO `mydb`.`Umgang_mit_Waffen_Einzel` (`Klassen_idKlassen`, `Waffen_idWaffen`) VALUES ('Barde', 39);
INSERT INTO `mydb`.`Umgang_mit_Waffen_Einzel` (`Klassen_idKlassen`, `Waffen_idWaffen`) VALUES ('Barde', 56);
INSERT INTO `mydb`.`Umgang_mit_Waffen_Einzel` (`Klassen_idKlassen`, `Waffen_idWaffen`) VALUES ('Barde', 66);
INSERT INTO `mydb`.`Umgang_mit_Waffen_Einzel` (`Klassen_idKlassen`, `Waffen_idWaffen`) VALUES ('Druide', 3);
INSERT INTO `mydb`.`Umgang_mit_Waffen_Einzel` (`Klassen_idKlassen`, `Waffen_idWaffen`) VALUES ('Druide', 4);
INSERT INTO `mydb`.`Umgang_mit_Waffen_Einzel` (`Klassen_idKlassen`, `Waffen_idWaffen`) VALUES ('Druide', 10);
INSERT INTO `mydb`.`Umgang_mit_Waffen_Einzel` (`Klassen_idKlassen`, `Waffen_idWaffen`) VALUES ('Druide', 12);
INSERT INTO `mydb`.`Umgang_mit_Waffen_Einzel` (`Klassen_idKlassen`, `Waffen_idWaffen`) VALUES ('Druide', 14);
INSERT INTO `mydb`.`Umgang_mit_Waffen_Einzel` (`Klassen_idKlassen`, `Waffen_idWaffen`) VALUES ('Druide', 20);
INSERT INTO `mydb`.`Umgang_mit_Waffen_Einzel` (`Klassen_idKlassen`, `Waffen_idWaffen`) VALUES ('Druide', 22);
INSERT INTO `mydb`.`Umgang_mit_Waffen_Einzel` (`Klassen_idKlassen`, `Waffen_idWaffen`) VALUES ('Druide', 37);
INSERT INTO `mydb`.`Umgang_mit_Waffen_Einzel` (`Klassen_idKlassen`, `Waffen_idWaffen`) VALUES ('Druide', 51);
INSERT INTO `mydb`.`Umgang_mit_Waffen_Einzel` (`Klassen_idKlassen`, `Waffen_idWaffen`) VALUES ('Magier', 3);
INSERT INTO `mydb`.`Umgang_mit_Waffen_Einzel` (`Klassen_idKlassen`, `Waffen_idWaffen`) VALUES ('Magier', 12);
INSERT INTO `mydb`.`Umgang_mit_Waffen_Einzel` (`Klassen_idKlassen`, `Waffen_idWaffen`) VALUES ('Magier', 55);
INSERT INTO `mydb`.`Umgang_mit_Waffen_Einzel` (`Klassen_idKlassen`, `Waffen_idWaffen`) VALUES ('Mönch', 3);
INSERT INTO `mydb`.`Umgang_mit_Waffen_Einzel` (`Klassen_idKlassen`, `Waffen_idWaffen`) VALUES ('Mönch', 10);
INSERT INTO `mydb`.`Umgang_mit_Waffen_Einzel` (`Klassen_idKlassen`, `Waffen_idWaffen`) VALUES ('Mönch', 12);
INSERT INTO `mydb`.`Umgang_mit_Waffen_Einzel` (`Klassen_idKlassen`, `Waffen_idWaffen`) VALUES ('Mönch', 24);
INSERT INTO `mydb`.`Umgang_mit_Waffen_Einzel` (`Klassen_idKlassen`, `Waffen_idWaffen`) VALUES ('Mönch', 27);
INSERT INTO `mydb`.`Umgang_mit_Waffen_Einzel` (`Klassen_idKlassen`, `Waffen_idWaffen`) VALUES ('Mönch', 55);
INSERT INTO `mydb`.`Umgang_mit_Waffen_Einzel` (`Klassen_idKlassen`, `Waffen_idWaffen`) VALUES ('Mönch', 61);
INSERT INTO `mydb`.`Umgang_mit_Waffen_Einzel` (`Klassen_idKlassen`, `Waffen_idWaffen`) VALUES ('Mönch', 62);
INSERT INTO `mydb`.`Umgang_mit_Waffen_Einzel` (`Klassen_idKlassen`, `Waffen_idWaffen`) VALUES ('Mönch', 14);
INSERT INTO `mydb`.`Umgang_mit_Waffen_Einzel` (`Klassen_idKlassen`, `Waffen_idWaffen`) VALUES ('Mönch', 20);
INSERT INTO `mydb`.`Umgang_mit_Waffen_Einzel` (`Klassen_idKlassen`, `Waffen_idWaffen`) VALUES ('Mönch', 63);
INSERT INTO `mydb`.`Umgang_mit_Waffen_Einzel` (`Klassen_idKlassen`, `Waffen_idWaffen`) VALUES ('Mönch', 23);
INSERT INTO `mydb`.`Umgang_mit_Waffen_Einzel` (`Klassen_idKlassen`, `Waffen_idWaffen`) VALUES ('Schurke', 27);
INSERT INTO `mydb`.`Umgang_mit_Waffen_Einzel` (`Klassen_idKlassen`, `Waffen_idWaffen`) VALUES ('Schurke', 33);
INSERT INTO `mydb`.`Umgang_mit_Waffen_Einzel` (`Klassen_idKlassen`, `Waffen_idWaffen`) VALUES ('Schurke', 39);
INSERT INTO `mydb`.`Umgang_mit_Waffen_Einzel` (`Klassen_idKlassen`, `Waffen_idWaffen`) VALUES ('Schurke', 56);
INSERT INTO `mydb`.`Umgang_mit_Waffen_Einzel` (`Klassen_idKlassen`, `Waffen_idWaffen`) VALUES ('Schurke', 78);

COMMIT;


-- -----------------------------------------------------
-- Data for table `mydb`.`Umgang_mit_Waffen_Rasse`
-- -----------------------------------------------------
START TRANSACTION;
USE `mydb`;
INSERT INTO `mydb`.`Umgang_mit_Waffen_Rasse` (`Rassen_idRasse`, `Waffen_idWaffen`) VALUES ('Elfen', 38);
INSERT INTO `mydb`.`Umgang_mit_Waffen_Rasse` (`Rassen_idRasse`, `Waffen_idWaffen`) VALUES ('Elfen', 39);
INSERT INTO `mydb`.`Umgang_mit_Waffen_Rasse` (`Rassen_idRasse`, `Waffen_idWaffen`) VALUES ('Elfen', 56);
INSERT INTO `mydb`.`Umgang_mit_Waffen_Rasse` (`Rassen_idRasse`, `Waffen_idWaffen`) VALUES ('Elfen', 58);
INSERT INTO `mydb`.`Umgang_mit_Waffen_Rasse` (`Rassen_idRasse`, `Waffen_idWaffen`) VALUES ('Elfen', 59);
INSERT INTO `mydb`.`Umgang_mit_Waffen_Rasse` (`Rassen_idRasse`, `Waffen_idWaffen`) VALUES ('Elfen', 60);
INSERT INTO `mydb`.`Umgang_mit_Waffen_Rasse` (`Rassen_idRasse`, `Waffen_idWaffen`) VALUES ('Halb-Orks', 48);
INSERT INTO `mydb`.`Umgang_mit_Waffen_Rasse` (`Rassen_idRasse`, `Waffen_idWaffen`) VALUES ('Halb-Orks', 54);
INSERT INTO `mydb`.`Umgang_mit_Waffen_Rasse` (`Rassen_idRasse`, `Waffen_idWaffen`) VALUES ('Halbling', 20);
INSERT INTO `mydb`.`Umgang_mit_Waffen_Rasse` (`Rassen_idRasse`, `Waffen_idWaffen`) VALUES ('Zwerge', 32);
INSERT INTO `mydb`.`Umgang_mit_Waffen_Rasse` (`Rassen_idRasse`, `Waffen_idWaffen`) VALUES ('Zwerge', 36);
INSERT INTO `mydb`.`Umgang_mit_Waffen_Rasse` (`Rassen_idRasse`, `Waffen_idWaffen`) VALUES ('Zwerge', 42);
INSERT INTO `mydb`.`Umgang_mit_Waffen_Rasse` (`Rassen_idRasse`, `Waffen_idWaffen`) VALUES ('Zwerge', 44);

COMMIT;


-- -----------------------------------------------------
-- Data for table `mydb`.`Rüstungsarten`
-- -----------------------------------------------------
START TRANSACTION;
USE `mydb`;
INSERT INTO `mydb`.`Rüstungsarten` (`idRüstungsarten`, `Rüstungsart`) VALUES (1, 'Leichte Rüstungen');
INSERT INTO `mydb`.`Rüstungsarten` (`idRüstungsarten`, `Rüstungsart`) VALUES (2, 'Mittelschwere Rüstungen');
INSERT INTO `mydb`.`Rüstungsarten` (`idRüstungsarten`, `Rüstungsart`) VALUES (3, 'Schwere Rüstungen');
INSERT INTO `mydb`.`Rüstungsarten` (`idRüstungsarten`, `Rüstungsart`) VALUES (4, 'Schilde');
INSERT INTO `mydb`.`Rüstungsarten` (`idRüstungsarten`, `Rüstungsart`) VALUES (5, 'Extras');

COMMIT;


-- -----------------------------------------------------
-- Data for table `mydb`.`Rüstungen`
-- -----------------------------------------------------
START TRANSACTION;
USE `mydb`;
INSERT INTO `mydb`.`Rüstungen` (`idRüstungen`, `Rüstungsarten_idRüstungsarten`, `Rüstung`, `Preis`, `Währung`, `Rüstungsbonus`, `Max GE-Bonus`, `Rüstungsmalus`, `Chance für Arkane Zauberpatzer`, `Bewegungsrate 9m`, `Bewegungsrate 6m`, `Gewicht`) VALUES (1, 1, 'Waffenrock', 5, 'GM', '1', '8', '0', '5', 9, 6, '10');
INSERT INTO `mydb`.`Rüstungen` (`idRüstungen`, `Rüstungsarten_idRüstungsarten`, `Rüstung`, `Preis`, `Währung`, `Rüstungsbonus`, `Max GE-Bonus`, `Rüstungsmalus`, `Chance für Arkane Zauberpatzer`, `Bewegungsrate 9m`, `Bewegungsrate 6m`, `Gewicht`) VALUES (2, 1, 'Lederrüstung', 10, 'GM', '2', '6', '0', '10', 9, 6, '15');
INSERT INTO `mydb`.`Rüstungen` (`idRüstungen`, `Rüstungsarten_idRüstungsarten`, `Rüstung`, `Preis`, `Währung`, `Rüstungsbonus`, `Max GE-Bonus`, `Rüstungsmalus`, `Chance für Arkane Zauberpatzer`, `Bewegungsrate 9m`, `Bewegungsrate 6m`, `Gewicht`) VALUES (3, 1, 'Beschlagene Lederrüstung', 25, 'GM', '3', '5', '2', '15', 9, 6, '20');
INSERT INTO `mydb`.`Rüstungen` (`idRüstungen`, `Rüstungsarten_idRüstungsarten`, `Rüstung`, `Preis`, `Währung`, `Rüstungsbonus`, `Max GE-Bonus`, `Rüstungsmalus`, `Chance für Arkane Zauberpatzer`, `Bewegungsrate 9m`, `Bewegungsrate 6m`, `Gewicht`) VALUES (4, 1, 'Kettenhemd', 100, 'GM', '4', '4', '2', '20', 9, 6, '25');
INSERT INTO `mydb`.`Rüstungen` (`idRüstungen`, `Rüstungsarten_idRüstungsarten`, `Rüstung`, `Preis`, `Währung`, `Rüstungsbonus`, `Max GE-Bonus`, `Rüstungsmalus`, `Chance für Arkane Zauberpatzer`, `Bewegungsrate 9m`, `Bewegungsrate 6m`, `Gewicht`) VALUES (5, 2, 'Fellrüstung', 15, 'GM', '4', '4', '3', '20', 6, 4.50, '25');
INSERT INTO `mydb`.`Rüstungen` (`idRüstungen`, `Rüstungsarten_idRüstungsarten`, `Rüstung`, `Preis`, `Währung`, `Rüstungsbonus`, `Max GE-Bonus`, `Rüstungsmalus`, `Chance für Arkane Zauberpatzer`, `Bewegungsrate 9m`, `Bewegungsrate 6m`, `Gewicht`) VALUES (6, 2, 'Schuppenpanzer', 50, 'GM', '5', '3', '4', '25', 6, 4.50, '30');
INSERT INTO `mydb`.`Rüstungen` (`idRüstungen`, `Rüstungsarten_idRüstungsarten`, `Rüstung`, `Preis`, `Währung`, `Rüstungsbonus`, `Max GE-Bonus`, `Rüstungsmalus`, `Chance für Arkane Zauberpatzer`, `Bewegungsrate 9m`, `Bewegungsrate 6m`, `Gewicht`) VALUES (7, 2, 'Kettenpanzer', 150, 'GM', '6', '2', '5', '30', 6, 4.50, '40');
INSERT INTO `mydb`.`Rüstungen` (`idRüstungen`, `Rüstungsarten_idRüstungsarten`, `Rüstung`, `Preis`, `Währung`, `Rüstungsbonus`, `Max GE-Bonus`, `Rüstungsmalus`, `Chance für Arkane Zauberpatzer`, `Bewegungsrate 9m`, `Bewegungsrate 6m`, `Gewicht`) VALUES (8, 2, 'Brustplatte', 200, 'GM', '6', '3', '4', '25', 6, 4.50, '30');
INSERT INTO `mydb`.`Rüstungen` (`idRüstungen`, `Rüstungsarten_idRüstungsarten`, `Rüstung`, `Preis`, `Währung`, `Rüstungsbonus`, `Max GE-Bonus`, `Rüstungsmalus`, `Chance für Arkane Zauberpatzer`, `Bewegungsrate 9m`, `Bewegungsrate 6m`, `Gewicht`) VALUES (9, 3, 'Schienenpanzer', 200, 'GM', '7', '0', '7', '40', 6, 4.50, '45');
INSERT INTO `mydb`.`Rüstungen` (`idRüstungen`, `Rüstungsarten_idRüstungsarten`, `Rüstung`, `Preis`, `Währung`, `Rüstungsbonus`, `Max GE-Bonus`, `Rüstungsmalus`, `Chance für Arkane Zauberpatzer`, `Bewegungsrate 9m`, `Bewegungsrate 6m`, `Gewicht`) VALUES (10, 3, 'Bänderpanzer', 250, 'GM', '7', '1', '6', '35', 6, 4.50, '35');
INSERT INTO `mydb`.`Rüstungen` (`idRüstungen`, `Rüstungsarten_idRüstungsarten`, `Rüstung`, `Preis`, `Währung`, `Rüstungsbonus`, `Max GE-Bonus`, `Rüstungsmalus`, `Chance für Arkane Zauberpatzer`, `Bewegungsrate 9m`, `Bewegungsrate 6m`, `Gewicht`) VALUES (11, 3, 'Plattenpanzer', 600, 'GM', '8', '0', '7', '40', 6, 4.50, '50');
INSERT INTO `mydb`.`Rüstungen` (`idRüstungen`, `Rüstungsarten_idRüstungsarten`, `Rüstung`, `Preis`, `Währung`, `Rüstungsbonus`, `Max GE-Bonus`, `Rüstungsmalus`, `Chance für Arkane Zauberpatzer`, `Bewegungsrate 9m`, `Bewegungsrate 6m`, `Gewicht`) VALUES (12, 3, 'Ritterrüstung', 1500, 'GM', '9', '1', '6', '35', 6, 4.50, '50');
INSERT INTO `mydb`.`Rüstungen` (`idRüstungen`, `Rüstungsarten_idRüstungsarten`, `Rüstung`, `Preis`, `Währung`, `Rüstungsbonus`, `Max GE-Bonus`, `Rüstungsmalus`, `Chance für Arkane Zauberpatzer`, `Bewegungsrate 9m`, `Bewegungsrate 6m`, `Gewicht`) VALUES (13, 4, 'Tartsche', 5, 'GM', '1', '0', '1', '5', 0, 0, '5');
INSERT INTO `mydb`.`Rüstungen` (`idRüstungen`, `Rüstungsarten_idRüstungsarten`, `Rüstung`, `Preis`, `Währung`, `Rüstungsbonus`, `Max GE-Bonus`, `Rüstungsmalus`, `Chance für Arkane Zauberpatzer`, `Bewegungsrate 9m`, `Bewegungsrate 6m`, `Gewicht`) VALUES (14, 4, 'Leichter Holzschild', 3, 'GM', '1', '0', '1', '5', 0, 0, '5');
INSERT INTO `mydb`.`Rüstungen` (`idRüstungen`, `Rüstungsarten_idRüstungsarten`, `Rüstung`, `Preis`, `Währung`, `Rüstungsbonus`, `Max GE-Bonus`, `Rüstungsmalus`, `Chance für Arkane Zauberpatzer`, `Bewegungsrate 9m`, `Bewegungsrate 6m`, `Gewicht`) VALUES (15, 4, 'Leichter Stahlschild', 9, 'GM', '1', '0', '1', '5', 0, 0, '6');
INSERT INTO `mydb`.`Rüstungen` (`idRüstungen`, `Rüstungsarten_idRüstungsarten`, `Rüstung`, `Preis`, `Währung`, `Rüstungsbonus`, `Max GE-Bonus`, `Rüstungsmalus`, `Chance für Arkane Zauberpatzer`, `Bewegungsrate 9m`, `Bewegungsrate 6m`, `Gewicht`) VALUES (16, 4, 'Schwerer Holzschild', 7, 'GM', '2', '0', '2', '15', 0, 0, '10');
INSERT INTO `mydb`.`Rüstungen` (`idRüstungen`, `Rüstungsarten_idRüstungsarten`, `Rüstung`, `Preis`, `Währung`, `Rüstungsbonus`, `Max GE-Bonus`, `Rüstungsmalus`, `Chance für Arkane Zauberpatzer`, `Bewegungsrate 9m`, `Bewegungsrate 6m`, `Gewicht`) VALUES (17, 4, 'Schwerer Stahlschild', 20, 'GM', '2', '0', '2', '15', 0, 0, '15');
INSERT INTO `mydb`.`Rüstungen` (`idRüstungen`, `Rüstungsarten_idRüstungsarten`, `Rüstung`, `Preis`, `Währung`, `Rüstungsbonus`, `Max GE-Bonus`, `Rüstungsmalus`, `Chance für Arkane Zauberpatzer`, `Bewegungsrate 9m`, `Bewegungsrate 6m`, `Gewicht`) VALUES (18, 4, 'Turmschild', 30, 'GM', '4', '2', '10', '50', 0, 0, '45');
INSERT INTO `mydb`.`Rüstungen` (`idRüstungen`, `Rüstungsarten_idRüstungsarten`, `Rüstung`, `Preis`, `Währung`, `Rüstungsbonus`, `Max GE-Bonus`, `Rüstungsmalus`, `Chance für Arkane Zauberpatzer`, `Bewegungsrate 9m`, `Bewegungsrate 6m`, `Gewicht`) VALUES (19, 5, 'Rüstungsstacheln', 50, 'GM', '0', '0', '0', '0', 0, 0, '10');
INSERT INTO `mydb`.`Rüstungen` (`idRüstungen`, `Rüstungsarten_idRüstungsarten`, `Rüstung`, `Preis`, `Währung`, `Rüstungsbonus`, `Max GE-Bonus`, `Rüstungsmalus`, `Chance für Arkane Zauberpatzer`, `Bewegungsrate 9m`, `Bewegungsrate 6m`, `Gewicht`) VALUES (20, 5, 'Beriemter Panzerhandschuh', 8, 'GM', '0', '0', 'Speziell', '0', 0, 0, '5');
INSERT INTO `mydb`.`Rüstungen` (`idRüstungen`, `Rüstungsarten_idRüstungsarten`, `Rüstung`, `Preis`, `Währung`, `Rüstungsbonus`, `Max GE-Bonus`, `Rüstungsmalus`, `Chance für Arkane Zauberpatzer`, `Bewegungsrate 9m`, `Bewegungsrate 6m`, `Gewicht`) VALUES (21, 5, 'Schildstacheln', 10, 'GM', '0', '0', '0', '0', 0, 0, '5');

COMMIT;


-- -----------------------------------------------------
-- Data for table `mydb`.`Umgang_mit_Rüstungen`
-- -----------------------------------------------------
START TRANSACTION;
USE `mydb`;
INSERT INTO `mydb`.`Umgang_mit_Rüstungen` (`Klassen_idKlassen`, `Rüstungsarten_idRüstungsarten`) VALUES ('Barbar', 1);
INSERT INTO `mydb`.`Umgang_mit_Rüstungen` (`Klassen_idKlassen`, `Rüstungsarten_idRüstungsarten`) VALUES ('Barbar', 2);
INSERT INTO `mydb`.`Umgang_mit_Rüstungen` (`Klassen_idKlassen`, `Rüstungsarten_idRüstungsarten`) VALUES ('Barbar', 4);
INSERT INTO `mydb`.`Umgang_mit_Rüstungen` (`Klassen_idKlassen`, `Rüstungsarten_idRüstungsarten`) VALUES ('Barde', 1);
INSERT INTO `mydb`.`Umgang_mit_Rüstungen` (`Klassen_idKlassen`, `Rüstungsarten_idRüstungsarten`) VALUES ('Barde', 4);
INSERT INTO `mydb`.`Umgang_mit_Rüstungen` (`Klassen_idKlassen`, `Rüstungsarten_idRüstungsarten`) VALUES ('Druide', 1);
INSERT INTO `mydb`.`Umgang_mit_Rüstungen` (`Klassen_idKlassen`, `Rüstungsarten_idRüstungsarten`) VALUES ('Druide', 2);
INSERT INTO `mydb`.`Umgang_mit_Rüstungen` (`Klassen_idKlassen`, `Rüstungsarten_idRüstungsarten`) VALUES ('Kämpfer', 1);
INSERT INTO `mydb`.`Umgang_mit_Rüstungen` (`Klassen_idKlassen`, `Rüstungsarten_idRüstungsarten`) VALUES ('Kämpfer', 2);
INSERT INTO `mydb`.`Umgang_mit_Rüstungen` (`Klassen_idKlassen`, `Rüstungsarten_idRüstungsarten`) VALUES ('Kämpfer', 3);
INSERT INTO `mydb`.`Umgang_mit_Rüstungen` (`Klassen_idKlassen`, `Rüstungsarten_idRüstungsarten`) VALUES ('Kämpfer', 4);
INSERT INTO `mydb`.`Umgang_mit_Rüstungen` (`Klassen_idKlassen`, `Rüstungsarten_idRüstungsarten`) VALUES ('Kämpfer', 5);
INSERT INTO `mydb`.`Umgang_mit_Rüstungen` (`Klassen_idKlassen`, `Rüstungsarten_idRüstungsarten`) VALUES ('Kleriker', 1);
INSERT INTO `mydb`.`Umgang_mit_Rüstungen` (`Klassen_idKlassen`, `Rüstungsarten_idRüstungsarten`) VALUES ('Kleriker', 2);
INSERT INTO `mydb`.`Umgang_mit_Rüstungen` (`Klassen_idKlassen`, `Rüstungsarten_idRüstungsarten`) VALUES ('Kleriker', 4);
INSERT INTO `mydb`.`Umgang_mit_Rüstungen` (`Klassen_idKlassen`, `Rüstungsarten_idRüstungsarten`) VALUES ('Paladin', 1);
INSERT INTO `mydb`.`Umgang_mit_Rüstungen` (`Klassen_idKlassen`, `Rüstungsarten_idRüstungsarten`) VALUES ('Paladin', 2);
INSERT INTO `mydb`.`Umgang_mit_Rüstungen` (`Klassen_idKlassen`, `Rüstungsarten_idRüstungsarten`) VALUES ('Paladin', 3);
INSERT INTO `mydb`.`Umgang_mit_Rüstungen` (`Klassen_idKlassen`, `Rüstungsarten_idRüstungsarten`) VALUES ('Paladin', 4);
INSERT INTO `mydb`.`Umgang_mit_Rüstungen` (`Klassen_idKlassen`, `Rüstungsarten_idRüstungsarten`) VALUES ('Paladin', 5);
INSERT INTO `mydb`.`Umgang_mit_Rüstungen` (`Klassen_idKlassen`, `Rüstungsarten_idRüstungsarten`) VALUES ('Schurke', 1);
INSERT INTO `mydb`.`Umgang_mit_Rüstungen` (`Klassen_idKlassen`, `Rüstungsarten_idRüstungsarten`) VALUES ('Waldläufer', 1);
INSERT INTO `mydb`.`Umgang_mit_Rüstungen` (`Klassen_idKlassen`, `Rüstungsarten_idRüstungsarten`) VALUES ('Waldläufer', 2);
INSERT INTO `mydb`.`Umgang_mit_Rüstungen` (`Klassen_idKlassen`, `Rüstungsarten_idRüstungsarten`) VALUES ('Waldläufer', 4);

COMMIT;

